City_ID,City,Lat,Lng,Max Temp,Humidity,Cloudiness,Wind Speed,Country,Date
0,Tura,25.5198,90.2201,82.36,16,0,0.89,IN,2021-04-06 11:41:20
1,Bredasdorp,-34.5322,20.0403,71.6,56,99,16.11,ZA,2021-04-06 11:41:20
2,Provideniya,64.3833,-173.3,-0.45,89,48,10.54,RU,2021-04-06 11:41:21
3,Hilo,19.7297,-155.09,66.2,88,90,8.05,US,2021-04-06 11:36:36
4,Ust-Uda,54.1742,103.0304,30.38,98,84,2.24,RU,2021-04-06 11:41:21
5,Bluff,-46.6,168.3333,54.0,91,90,15.01,NZ,2021-04-06 11:41:22
6,Goure,13.9835,10.2704,100.99,4,69,8.99,NE,2021-04-06 11:41:22
7,Oranjemund,-28.55,16.4333,65.82,74,59,13.51,NA,2021-04-06 11:41:22
8,Jibuti,11.5,42.5,91.4,35,20,6.91,DJ,2021-04-06 11:41:23
9,Sistranda,63.7256,8.834,41.0,87,40,25.32,NO,2021-04-06 11:41:23
10,Ushuaia,-54.8,-68.3,46.4,53,40,21.85,AR,2021-04-06 11:41:23
11,Macieira De Cambra,40.8594,-8.3734,68.0,82,20,5.75,PT,2021-04-06 11:41:24
12,Khatanga,71.9667,102.5,11.28,96,86,6.31,RU,2021-04-06 11:41:24
13,Busselton,-33.65,115.3333,66.54,83,35,3.04,AU,2021-04-06 11:41:24
14,Camopi,3.1655,-52.3158,75.34,97,99,3.42,GF,2021-04-06 11:41:25
15,Sao Joao Da Barra,-21.6403,-41.0511,73.4,83,20,6.91,BR,2021-04-06 11:41:25
16,Galesong,-5.3166,119.3661,80.6,89,20,4.61,ID,2021-04-06 11:40:02
17,Zakamensk,50.3741,103.2863,43.34,41,66,2.01,RU,2021-04-06 11:41:26
18,Bandarbeyla,9.4942,50.8122,83.7,50,54,10.83,SO,2021-04-06 11:41:26
19,Elko,41.0002,-115.5012,30.0,55,2,10.0,US,2021-04-06 11:41:26
20,Rikitea,-23.1203,-134.9692,77.59,73,100,12.1,PF,2021-04-06 11:41:27
21,Jamestown,42.097,-79.2353,44.6,61,40,2.75,US,2021-04-06 11:41:27
22,Carmo Do Paranaiba,-19.0008,-46.3161,66.99,100,96,6.6,BR,2021-04-06 11:41:27
23,Kihei,20.785,-156.4656,68.0,94,90,6.91,US,2021-04-06 11:41:28
24,Lebu,-37.6167,-73.65,55.47,94,100,11.61,CL,2021-04-06 11:41:28
25,Thinadhoo,0.5333,72.9333,83.12,69,95,9.33,MV,2021-04-06 11:41:28
26,Vaini,-21.2,-175.2,73.4,88,75,3.44,TO,2021-04-06 11:41:29
27,Wewak,-3.5534,143.6268,79.5,81,100,9.33,PG,2021-04-06 11:41:29
28,Rafai,4.95,23.9167,93.09,31,89,7.36,CF,2021-04-06 11:41:29
29,Buluang,13.3068,123.3425,75.33,86,57,5.82,PH,2021-04-06 11:41:30
30,Qaanaaq,77.484,-69.3632,-0.09,72,100,1.77,GL,2021-04-06 11:41:30
31,Fairbanks,64.8378,-147.7164,-2.99,84,1,1.79,US,2021-04-06 11:37:26
32,Mataura,-46.1927,168.8643,54.0,91,76,15.01,NZ,2021-04-06 11:41:31
33,Airai,-8.9266,125.4092,60.37,93,39,1.21,TL,2021-04-06 11:41:31
34,Aswan,24.0934,32.907,95.22,6,0,5.41,EG,2021-04-06 11:41:31
35,Preobrazheniye,42.9019,133.9064,40.89,83,26,5.08,RU,2021-04-06 11:41:32
36,Thompson,55.7435,-97.8558,28.4,86,90,10.36,CA,2021-04-06 11:41:32
37,Mar Del Plata,-38.0023,-57.5575,68.0,100,90,8.05,AR,2021-04-06 11:37:35
38,Chuy,-33.6971,-53.4616,70.88,83,1,4.61,UY,2021-04-06 11:41:32
39,Carnarvon,-24.8667,113.6333,80.6,69,62,14.97,AU,2021-04-06 11:41:33
40,Hobart,-42.8794,147.3294,59.0,88,20,3.44,AU,2021-04-06 11:41:33
41,Arraial Do Cabo,-22.9661,-42.0278,75.2,83,40,4.99,BR,2021-04-06 11:41:33
42,Cabo San Lucas,22.8909,-109.9124,68.0,30,0,5.37,MX,2021-04-06 11:37:45
43,Kokstad,-30.5472,29.4241,58.44,90,98,5.66,ZA,2021-04-06 11:41:34
44,Nizhniy Kuranakh,58.8353,125.4869,2.59,94,100,2.84,RU,2021-04-06 11:41:34
45,Saint-Philippe,-21.3585,55.7679,86.0,66,75,10.36,RE,2021-04-06 11:41:35
46,Aasiaat,68.7098,-52.8699,17.91,91,98,8.08,GL,2021-04-06 11:41:35
47,Dunedin,-45.8742,170.5036,55.99,81,19,1.99,NZ,2021-04-06 11:41:35
48,Kamuli,0.9472,33.1197,81.46,52,91,4.99,UG,2021-04-06 11:41:36
49,Madaba,31.5833,35.6667,86.0,5,3,17.27,JO,2021-04-06 11:37:15
50,Alice Springs,-23.7,133.8833,79.0,46,1,6.91,AU,2021-04-06 11:39:24
51,San Patricio,28.017,-97.5169,70.0,94,90,13.8,US,2021-04-06 11:41:36
52,Tahta,26.7693,31.5021,91.4,8,0,5.75,EG,2021-04-06 11:41:36
53,Nikolskoye,59.7035,30.7861,39.2,56,75,11.18,RU,2021-04-06 11:41:37
54,Esperance,-33.8667,121.9,66.2,94,90,9.22,AU,2021-04-06 11:41:37
55,Acapulco,16.8634,-99.8901,74.28,74,2,4.18,MX,2021-04-06 11:41:26
56,Necochea,-38.5473,-58.7368,61.0,98,92,1.99,AR,2021-04-06 11:41:38
57,Punta Arenas,-53.15,-70.9167,48.2,76,75,12.66,CL,2021-04-06 11:41:38
58,Sao Filipe,14.8961,-24.4956,77.97,58,0,11.83,CV,2021-04-06 11:41:38
59,Shiroishi,38.0033,140.6183,46.4,57,75,3.44,JP,2021-04-06 11:41:39
60,Puerto Ayora,-0.7393,-90.3518,73.0,96,82,5.1,EC,2021-04-06 11:41:39
61,Saskylakh,71.9167,114.0833,11.44,83,100,15.73,RU,2021-04-06 11:41:39
62,Cherskiy,68.75,161.3,-26.34,100,21,3.27,RU,2021-04-06 11:41:40
63,Vari,37.8312,23.8081,68.0,63,20,5.75,GR,2021-04-06 11:41:40
64,Barrow,71.2906,-156.7887,-7.6,77,75,10.36,US,2021-04-06 11:41:40
65,Walla Walla,46.0646,-118.343,42.01,52,1,6.91,US,2021-04-06 11:41:41
66,Hermanus,-34.4187,19.2345,66.99,75,60,8.99,ZA,2021-04-06 11:39:50
67,Klaksvik,62.2266,-6.589,28.4,69,75,32.21,FO,2021-04-06 11:41:41
68,Praya,14.9215,-23.5087,78.8,41,0,24.16,CV,2021-04-06 11:41:41
69,Butaritari,3.0707,172.7902,77.63,80,100,8.23,KI,2021-04-06 11:41:42
70,Garissa,-0.4536,39.6401,91.51,45,60,11.32,KE,2021-04-06 11:41:42
71,Ribeira Grande,38.5167,-28.7,60.8,82,40,18.41,PT,2021-04-06 11:41:42
72,Cape Town,-33.9258,18.4232,77.0,43,0,6.91,ZA,2021-04-06 11:41:43
73,Imeni Poliny Osipenko,52.4201,136.4853,25.88,90,89,11.3,RU,2021-04-06 11:41:43
74,Mandurah,-32.55,115.7,73.0,70,74,3.47,AU,2021-04-06 11:37:06
75,Avarua,-21.2078,-159.775,80.6,74,40,11.5,CK,2021-04-06 11:41:44
76,Kapoeta,4.7717,33.5903,91.13,38,86,11.88,SS,2021-04-06 11:41:44
77,Nome,64.5011,-165.4064,10.4,79,90,16.11,US,2021-04-06 11:41:44
78,Sahuaripa,29.05,-109.2333,65.82,18,0,5.68,MX,2021-04-06 11:41:45
79,Norman Wells,65.282,-126.8329,-9.4,77,40,2.3,CA,2021-04-06 11:41:45
80,Albany,42.6001,-73.9662,43.0,36,1,6.82,US,2021-04-06 11:41:45
81,Kirakira,-10.4544,161.9205,80.38,82,100,5.77,SB,2021-04-06 11:41:46
82,Nanning,22.8167,108.3167,71.6,83,74,6.71,CN,2021-04-06 11:41:46
83,Mogadishu,2.0371,45.3438,87.8,62,20,9.22,SO,2021-04-06 11:41:46
84,Hovd,48.0056,91.6419,48.78,19,62,3.09,MN,2021-04-06 11:41:47
85,Hithadhoo,-0.6,73.0833,83.91,65,83,10.71,MV,2021-04-06 11:41:47
86,Shamgarh,24.1833,75.6333,99.81,10,0,16.17,IN,2021-04-06 11:41:47
87,Slawno,54.3628,16.6789,40.35,60,68,18.95,PL,2021-04-06 11:41:48
88,Mahebourg,-20.4081,57.7,86.0,70,20,8.05,MU,2021-04-06 11:41:48
89,Lompoc,34.6391,-120.4579,50.0,81,100,5.75,US,2021-04-06 11:39:18
90,Leh,34.1667,77.5833,39.29,58,100,1.45,IN,2021-04-06 11:39:02
91,Bambous Virieux,-20.3428,57.7575,86.0,70,20,8.05,MU,2021-04-06 11:41:49
92,Hofn,64.2539,-15.2082,23.41,51,13,17.05,IS,2021-04-06 11:41:49
93,Tiarei,-17.5333,-149.3333,77.0,69,75,6.91,PF,2021-04-06 11:41:50
94,Kapaa,22.0752,-159.319,73.4,64,40,19.57,US,2021-04-06 11:41:50
95,Atuona,-9.8,-139.0333,80.08,80,79,8.93,PF,2021-04-06 11:41:50
96,Lowestoft,52.4752,1.7516,43.0,53,81,7.0,GB,2021-04-06 11:41:51
97,Broome,42.2506,-75.833,37.4,52,1,6.91,US,2021-04-06 11:41:51
98,Sao Luiz Gonzaga,-28.4083,-54.9608,65.48,92,100,4.12,BR,2021-04-06 11:41:51
99,Port Elizabeth,-33.918,25.5701,64.4,88,75,10.36,ZA,2021-04-06 11:41:52
100,Aitape,-3.1374,142.3475,78.13,88,97,1.41,PG,2021-04-06 11:41:52
101,Yumen,40.2833,97.2,54.41,28,24,18.45,CN,2021-04-06 11:41:52
102,Cariati,39.4922,16.9594,66.2,100,90,14.97,IT,2021-04-06 11:41:53
103,Takoradi,4.8845,-1.7554,86.76,67,23,10.0,GH,2021-04-06 11:41:53
104,Pimenta Bueno,-11.6725,-61.1936,74.75,94,100,2.24,BR,2021-04-06 11:41:53
105,Nantucket,41.2835,-70.0995,44.01,82,86,20.58,US,2021-04-06 11:37:02
106,Poum,-20.2333,164.0167,78.35,74,97,20.15,NC,2021-04-06 11:41:54
107,Guerrero Negro,27.9769,-114.0611,59.56,87,16,13.56,MX,2021-04-06 11:41:54
108,Adrar,20.5022,-10.0711,90.77,9,5,8.88,MR,2021-04-06 11:41:54
109,Tiksi,71.6872,128.8694,-16.56,98,38,5.01,RU,2021-04-06 11:41:55
110,Chicama,-7.8447,-79.1469,71.24,81,100,4.61,PE,2021-04-06 11:41:55
111,Torrington,41.8007,-73.1212,42.01,57,1,1.01,US,2021-04-06 11:38:11
112,Pevek,69.7008,170.3133,-22.54,100,84,5.28,RU,2021-04-06 11:41:56
113,Marawi,7.9986,124.2928,81.0,81,73,7.0,PH,2021-04-06 11:41:56
114,Upernavik,72.7868,-56.1549,12.67,93,100,6.46,GL,2021-04-06 11:41:56
115,Castro,-24.7911,-50.0119,62.24,81,98,7.09,BR,2021-04-06 11:41:57
116,Opotiki,-38.0833,177.2833,60.01,97,4,3.89,NZ,2021-04-06 11:41:57
117,San Cristobal,7.7669,-72.225,69.03,85,93,3.74,VE,2021-04-06 11:41:57
118,Norrtalje,59.758,18.705,45.0,45,0,20.71,SE,2021-04-06 11:41:58
119,Moyale,3.5167,39.0584,79.9,54,87,6.64,KE,2021-04-06 11:41:58
120,New Norfolk,-42.7826,147.0587,59.0,68,17,0.63,AU,2021-04-06 11:41:58
121,Sinnamary,5.3833,-52.95,79.47,85,98,11.16,GF,2021-04-06 11:41:59
122,Vengerovo,55.6848,76.7471,33.26,89,100,15.08,RU,2021-04-06 11:41:59
123,Kokopo,-4.352,152.2633,78.66,83,76,3.69,PG,2021-04-06 11:41:59
124,Bijar,35.8668,47.6051,64.58,18,1,16.33,IR,2021-04-06 11:42:00
125,Petropavlovsk-Kamchatskiy,53.0452,158.6483,30.2,64,45,2.24,RU,2021-04-06 11:42:00
126,Atambua,-9.1061,124.8925,73.98,85,30,1.57,ID,2021-04-06 11:42:00
127,Port Alfred,-33.5906,26.891,65.57,78,98,17.18,ZA,2021-04-06 11:42:01
128,Alyangula,-13.8483,136.4192,75.2,78,7,7.72,AU,2021-04-06 11:42:01
129,East London,-33.0153,27.9116,64.4,82,40,12.66,ZA,2021-04-06 11:42:01
130,Araouane,18.9048,-3.5265,94.8,4,0,11.1,ML,2021-04-06 11:42:02
131,Kalmunai,7.4167,81.8167,82.9,71,32,9.55,LK,2021-04-06 11:42:02
132,Hobyo,5.3505,48.5268,86.56,52,3,15.59,SO,2021-04-06 11:42:03
133,Grand-Santi,4.25,-54.3833,75.94,96,100,2.71,GF,2021-04-06 11:42:03
134,Port Keats,-14.25,129.55,81.1,71,14,5.03,AU,2021-04-06 11:42:03
135,Shimoda,34.6667,138.95,46.99,78,44,1.99,JP,2021-04-06 11:42:04
136,Dikson,73.5069,80.5464,3.54,97,65,5.97,RU,2021-04-06 11:42:04
137,Vardo,70.3705,31.1107,37.4,65,20,27.63,NO,2021-04-06 11:42:04
138,Nioro,13.35,-15.75,95.79,18,1,5.03,GM,2021-04-06 11:42:05
139,Kropotkin,45.4375,40.5756,58.06,45,5,11.16,RU,2021-04-06 11:42:05
140,Georgetown,5.4112,100.3354,82.4,89,40,2.3,MY,2021-04-06 11:39:11
141,Torbay,47.6666,-52.7314,39.99,100,90,14.97,CA,2021-04-06 11:42:05
142,Two Rivers,44.1539,-87.5693,55.0,100,1,3.44,US,2021-04-06 11:42:06
143,Beringovskiy,63.05,179.3167,-7.24,93,80,8.57,RU,2021-04-06 11:42:06
144,Faanui,-16.4833,-151.75,80.71,64,97,8.28,PF,2021-04-06 11:42:06
145,Kodiak,57.79,-152.4072,33.8,55,90,3.44,US,2021-04-06 11:42:07
146,Pershotravneve,51.3929,28.8684,36.84,91,100,5.41,UA,2021-04-06 11:42:07
147,Bondoukou,8.0333,-2.8,97.45,35,40,4.34,CI,2021-04-06 11:42:07
148,Tuktoyaktuk,69.4541,-133.0374,-7.58,98,100,10.83,CA,2021-04-06 11:42:08
149,Ojinaga,29.5667,-104.4167,66.2,45,1,4.61,MX,2021-04-06 11:42:08
150,Qandala,11.472,49.8728,84.94,46,34,7.65,SO,2021-04-06 11:42:08
151,Itarema,-2.9248,-39.9167,82.42,69,65,13.82,BR,2021-04-06 11:42:09
152,Bulawayo,-20.15,28.5833,81.05,30,0,12.28,ZW,2021-04-06 11:42:09
153,Touros,-5.1989,-35.4608,82.4,74,40,5.75,BR,2021-04-06 11:42:09
154,Balkanabat,39.5108,54.3671,70.5,34,4,14.16,TM,2021-04-06 11:42:10
155,Natal,-5.795,-35.2094,82.4,74,40,10.36,BR,2021-04-06 11:42:10
156,Yellowknife,62.456,-114.3525,21.2,93,90,21.85,CA,2021-04-06 11:42:10
157,Clyde River,70.4692,-68.5914,6.8,72,1,20.71,CA,2021-04-06 11:42:11
158,Katsuura,35.1333,140.3,52.0,68,75,15.41,JP,2021-04-06 11:42:11
159,Rio Gallegos,-51.6226,-69.2181,50.0,71,75,23.02,AR,2021-04-06 11:42:11
160,Karimganj,24.8667,92.35,82.98,26,0,5.06,IN,2021-04-06 11:42:12
161,Ishoj,55.6154,12.3518,44.01,60,75,21.85,DK,2021-04-06 11:42:12
162,Lake City,30.1897,-82.6393,46.4,93,1,1.5,US,2021-04-06 11:42:12
163,Ilulissat,69.2167,-51.1,16.25,91,100,5.66,GL,2021-04-06 11:42:13
164,Grindavik,63.8424,-22.4338,26.6,59,0,9.22,IS,2021-04-06 11:42:13
165,Magistralnyy,56.1725,107.4458,28.17,95,73,2.82,RU,2021-04-06 11:42:13
166,Agbor,6.2518,6.1934,101.57,33,77,3.62,NG,2021-04-06 11:42:14
167,Kamenka,51.3223,42.7678,51.01,52,81,11.68,RU,2021-04-06 11:42:14
168,Vestmanna,62.1564,-7.1664,28.4,69,75,32.21,FO,2021-04-06 11:42:15
169,Eureka,40.8021,-124.1637,39.2,93,1,5.75,US,2021-04-06 11:42:15
170,Kruisfontein,-34.0033,24.7314,66.0,82,95,5.01,ZA,2021-04-06 11:42:15
171,Olafsvik,64.8945,-23.7142,26.11,65,100,5.48,IS,2021-04-06 11:42:16
172,Meadow Lake,34.8014,-106.5436,60.8,12,20,3.44,US,2021-04-06 11:42:16
173,Jimani,18.4917,-71.8502,75.2,73,40,8.05,DO,2021-04-06 11:42:16
174,Hays,30.0502,-98.0336,66.99,92,100,5.01,US,2021-04-06 11:41:31
175,Salalah,17.0151,54.0924,89.6,55,0,14.97,OM,2021-04-06 11:42:17
176,Codrington,-38.2667,141.9667,55.6,91,22,8.93,AU,2021-04-06 11:42:17
177,Moree,-29.4667,149.85,69.8,78,90,8.05,AU,2021-04-06 11:42:17
178,Umm Kaddadah,13.6017,26.6876,100.09,4,0,11.16,SD,2021-04-06 11:42:18
179,Chino Valley,34.7575,-112.4538,53.6,19,1,8.05,US,2021-04-06 11:42:18
180,Yeppoon,-23.1333,150.7333,77.0,83,90,6.91,AU,2021-04-06 11:42:18
181,Zhigansk,66.7697,123.3711,-8.54,98,65,9.28,RU,2021-04-06 11:42:19
182,Tasiilaq,65.6145,-37.6368,21.2,73,90,1.66,GL,2021-04-06 11:42:19
183,Fortuna,40.5982,-124.1573,39.0,100,1,6.91,US,2021-04-06 11:42:19
184,Makakilo City,21.3469,-158.0858,71.6,73,1,10.36,US,2021-04-06 11:42:20
185,Yerofey Pavlovich,53.9667,121.9667,9.93,87,65,3.51,RU,2021-04-06 11:42:20
186,Chulman,56.8479,124.9104,-6.84,95,99,3.15,RU,2021-04-06 11:42:20
187,Tiznit,29.5833,-9.5,70.61,43,77,8.55,MA,2021-04-06 11:42:21
188,Bonavista,48.6499,-53.1147,37.4,100,100,4.61,CA,2021-04-06 11:42:21
189,Geraldton,-28.7667,114.6,73.4,73,98,10.36,AU,2021-04-06 11:42:21
190,Dinguiraye,11.3,-10.7167,101.62,16,0,2.39,GN,2021-04-06 11:42:22
191,Krasnogorsk,55.8225,37.3181,51.8,40,0,17.9,RU,2021-04-06 11:38:22
192,Flagstaff,35.1981,-111.6513,50.0,38,1,5.75,US,2021-04-06 11:41:12
193,Peniche,39.3558,-9.3811,69.01,72,5,5.01,PT,2021-04-06 11:42:22
194,Kahului,20.8947,-156.47,68.0,94,90,6.91,US,2021-04-06 11:42:23
195,Lianzhou,24.7811,112.3825,77.5,66,90,3.71,CN,2021-04-06 11:42:23
196,Villazon,-22.0866,-65.5942,49.78,58,33,1.63,BO,2021-04-06 11:42:23
197,Constitucion,-35.3333,-72.4167,56.62,84,100,5.06,CL,2021-04-06 11:40:52
198,Kamaishi,39.2667,141.8833,38.5,70,100,3.24,JP,2021-04-06 11:42:24
199,Kaitangata,-46.2817,169.8464,57.99,72,14,17.0,NZ,2021-04-06 11:42:24
200,Aklavik,68.2191,-135.0107,-13.0,84,100,3.44,CA,2021-04-06 11:42:25
201,Souillac,-20.5167,57.5167,86.0,70,20,8.05,MU,2021-04-06 11:42:25
202,Iracoubo,5.4802,-53.2011,79.0,85,100,11.36,GF,2021-04-06 11:42:25
203,General Roca,-39.0333,-67.5833,60.8,82,0,17.47,AR,2021-04-06 11:42:26
204,Woodstock,43.1334,-80.7497,42.01,93,28,6.96,CA,2021-04-06 11:42:24
205,Ostrovnoy,68.0531,39.5131,35.13,97,100,19.69,RU,2021-04-06 11:42:26
206,Bajil,15.0584,43.2851,96.01,32,10,15.59,YE,2021-04-06 11:42:26
207,Salinas,36.6777,-121.6555,51.8,76,90,4.61,US,2021-04-06 11:42:27
208,Mayor Pablo Lagerenza,-19.9309,-60.7718,78.53,72,95,4.45,PY,2021-04-06 11:42:27
209,Gweta,-20.1833,25.2333,90.18,22,0,11.27,BW,2021-04-06 11:42:27
210,Severo-Kurilsk,50.6789,156.125,26.2,72,65,17.78,RU,2021-04-06 11:42:28
211,Kutum,14.2,24.6667,91.98,7,1,7.47,SD,2021-04-06 11:42:28
212,Lagoa,39.05,-27.9833,57.81,90,100,19.17,PT,2021-04-06 11:42:28
213,Port Blair,11.6667,92.75,82.62,72,55,6.11,IN,2021-04-06 11:42:29
214,Ferme-Neuve,46.7001,-75.4493,28.4,59,7,4.61,CA,2021-04-06 11:42:29
215,Hauterive,46.0901,3.4459,42.8,39,75,14.97,FR,2021-04-06 11:42:29
216,Husavik,66.0449,-17.3389,19.4,63,90,5.75,IS,2021-04-06 11:42:30
217,Talnakh,69.4865,88.3972,31.78,97,100,3.96,RU,2021-04-06 11:42:30
218,Los Llanos De Aridane,28.6585,-17.9182,71.6,60,20,8.05,ES,2021-04-06 11:42:30
219,Starosubkhangulovo,53.1031,57.4423,38.79,88,95,9.73,RU,2021-04-06 11:42:31
220,Kupang,-10.1667,123.5833,79.02,80,70,9.44,ID,2021-04-06 11:42:31
221,San Ramon,37.7799,-121.978,48.2,81,90,3.44,US,2021-04-06 11:42:31
222,Lae,-6.7221,146.9847,79.66,81,91,1.92,PG,2021-04-06 11:42:32
223,Laguna,38.421,-121.4238,48.0,93,1,4.61,US,2021-04-06 11:42:32
224,Shirokiy,49.758,129.523,23.9,48,53,16.17,RU,2021-04-06 11:42:32
225,San Quintin,30.4833,-115.95,57.94,84,41,12.95,MX,2021-04-06 11:42:33
226,Goulburn,-34.75,149.7167,62.01,89,19,4.94,AU,2021-04-06 11:42:33
227,Berlevag,70.8578,29.0864,35.6,75,75,20.71,NO,2021-04-06 11:42:33
228,Danilov,58.1908,40.1717,41.63,85,61,14.14,RU,2021-04-06 11:42:34
229,Ivanivka,46.7208,34.553,55.71,39,0,13.6,UA,2021-04-06 11:42:34
230,San Rafael,-34.6177,-68.3301,68.86,74,4,6.91,AR,2021-04-06 11:40:35
231,Bengkulu,-3.8004,102.2655,78.51,83,86,5.7,ID,2021-04-06 11:42:03
232,Victoria,22.2855,114.1577,75.0,80,29,1.99,HK,2021-04-06 11:40:40
233,Namibe,-15.1961,12.1522,83.86,61,56,9.89,AO,2021-04-06 11:42:35
234,Isangel,-19.55,169.2667,76.44,79,74,11.16,VU,2021-04-06 11:42:35
235,Asau,46.4333,26.4,62.01,18,30,6.49,RO,2021-04-06 11:42:36
236,Komsomolskiy,40.4272,71.7189,64.4,36,87,4.61,UZ,2021-04-06 11:42:36
237,Gogosari,43.8667,25.7,63.0,40,0,3.29,RO,2021-04-06 11:42:37
238,Saint-Denis,48.9167,2.3333,45.0,36,75,12.66,FR,2021-04-06 11:42:37
239,Nouakchott,18.0858,-15.9785,93.2,12,15,14.97,MR,2021-04-06 11:42:37
240,Richards Bay,-28.783,32.0377,75.11,76,66,6.11,ZA,2021-04-06 11:42:38
241,Rawson,-43.3002,-65.1023,60.8,100,75,6.91,AR,2021-04-06 11:42:38
242,Kavaratti,10.5669,72.642,84.78,67,82,7.25,IN,2021-04-06 11:42:38
243,Marienburg,54.0359,19.0266,46.0,49,100,11.72,PL,2021-04-06 11:41:23
244,Half Moon Bay,37.4636,-122.4286,50.0,81,90,4.61,US,2021-04-06 11:42:39
245,Ponta Do Sol,32.6667,-17.1,68.0,64,20,9.22,PT,2021-04-06 11:42:39
246,Bairiki,1.3292,172.9752,78.8,89,90,2.3,KI,2021-04-06 11:42:39
247,Erzin,36.9559,36.2,73.99,50,86,1.99,TR,2021-04-06 11:42:40
248,Vostok,46.4856,135.8833,28.29,93,92,4.97,RU,2021-04-06 11:42:40
249,Oktyabrskiy,54.4815,53.471,36.45,88,86,12.28,RU,2021-04-06 11:42:40
250,Axim,4.8699,-2.2405,85.35,71,29,7.7,GH,2021-04-06 11:42:41
251,Negombo,7.2083,79.8358,87.8,74,20,4.61,LK,2021-04-06 11:42:41
252,Homer,59.6425,-151.5483,24.8,74,1,10.8,US,2021-04-06 11:42:42
253,Vanimo,-2.6741,141.3028,78.31,86,100,1.57,PG,2021-04-06 11:42:42
254,Mabaruma,8.2,-59.7833,77.13,94,90,3.24,GY,2021-04-06 11:42:42
255,Guadalupe Y Calvo,26.1,-106.9667,44.28,46,6,3.85,MX,2021-04-06 11:42:42
256,Brae,60.3964,-1.353,35.6,64,75,35.68,GB,2021-04-06 11:42:43
257,Hay River,60.8156,-115.7999,23.0,86,100,10.36,CA,2021-04-06 11:42:43
258,Maniitsoq,65.4167,-52.9,25.81,81,100,5.73,GL,2021-04-06 11:42:43
259,Saldanha,-33.0117,17.9442,78.8,41,18,6.91,ZA,2021-04-06 11:42:44
260,Amapa,1.0,-52.0,76.6,92,96,2.95,BR,2021-04-06 11:42:44
261,Shingu,33.7333,135.9833,51.73,94,100,4.14,JP,2021-04-06 11:42:44
262,Songea,-10.6833,35.65,75.2,73,75,20.71,TZ,2021-04-06 11:42:45
263,Rorvik,64.8621,11.2373,42.8,65,75,26.46,NO,2021-04-06 11:42:45
264,Uyemskiy,64.4743,40.8524,50.0,40,20,15.66,RU,2021-04-06 11:42:45
265,Kemi,65.8596,24.8228,33.8,80,90,16.11,FI,2021-04-06 11:42:46
266,Lindsay,36.203,-119.0882,50.0,87,1,6.91,US,2021-04-06 11:41:49
267,Balikpapan,-1.2675,116.8289,78.64,85,94,6.64,ID,2021-04-06 11:39:06
268,Batemans Bay,-35.7167,150.1833,71.01,90,31,4.0,AU,2021-04-06 11:42:46
269,Nilopolis,-22.8075,-43.4139,77.0,78,0,1.36,BR,2021-04-06 11:42:47
270,Zhezkazgan,47.8043,67.7144,52.0,66,91,5.48,KZ,2021-04-06 11:42:47
271,Pinar Del Rio,22.4175,-83.6981,63.19,79,74,6.87,CU,2021-04-06 11:42:47
272,Cranbrook,49.4999,-115.7688,26.6,80,1,2.01,CA,2021-04-06 11:42:48
273,Longyearbyen,78.2186,15.6401,12.2,52,20,13.8,SJ,2021-04-06 11:42:48
274,Lasa,46.6166,10.7002,50.0,40,0,9.22,IT,2021-04-06 11:42:48
275,Prieska,-29.6641,22.7474,86.63,18,0,8.25,ZA,2021-04-06 11:42:49
276,Ayan,56.45,138.1667,18.84,84,100,10.85,RU,2021-04-06 11:42:49
277,Dakar,14.6937,-17.4441,75.2,64,0,16.11,SN,2021-04-06 11:39:53
278,Katiola,8.1333,-5.1,84.2,74,75,11.5,CI,2021-04-06 11:42:49
279,Boa Vista,2.8197,-60.6733,75.2,88,90,4.61,BR,2021-04-06 11:42:50
280,Kieta,-6.2167,155.6333,80.46,84,99,3.18,PG,2021-04-06 11:42:50
281,Beira,-19.8436,34.8389,84.2,54,20,11.05,MZ,2021-04-06 11:42:50
282,Verkhnevilyuysk,63.4453,120.3167,-4.49,95,97,4.45,RU,2021-04-06 11:42:51
283,Rognan,67.0953,15.3878,39.99,70,75,20.71,NO,2021-04-06 11:42:51
284,Cidreira,-30.1811,-50.2056,73.94,74,68,11.21,BR,2021-04-06 11:42:51
285,Digapahandi,19.3667,84.5833,91.62,41,3,11.52,IN,2021-04-06 11:42:52
286,Southbridge,42.0751,-72.0334,44.01,53,17,1.99,US,2021-04-06 11:40:10
287,Ishigaki,24.3448,124.1572,68.0,68,20,10.36,JP,2021-04-06 11:42:52
288,Durango,24.8333,-104.8333,54.99,58,24,4.43,MX,2021-04-06 11:41:24
289,Huanren,41.2647,125.3667,48.31,31,0,1.86,CN,2021-04-06 11:42:53
290,Waipawa,-41.4122,175.5153,55.4,94,26,3.44,NZ,2021-04-06 11:42:53
291,Mount Isa,-20.7333,139.5,80.6,41,70,6.91,AU,2021-04-06 11:42:54
292,Ulagan,50.6321,87.9563,39.81,76,99,1.79,RU,2021-04-06 11:42:54
293,Gigmoto,13.7796,124.39,77.59,81,76,10.94,PH,2021-04-06 11:42:54
294,Malakal,9.5334,31.6605,105.33,5,20,4.38,SS,2021-04-06 11:42:55
295,Visby,57.6409,18.296,45.0,56,0,20.71,SE,2021-04-06 11:42:55
296,Ancud,-41.8697,-73.8203,57.0,89,100,18.01,CL,2021-04-06 11:42:55
297,Vestmannaeyjar,63.4427,-20.2734,32.43,64,100,5.44,IS,2021-04-06 11:42:56
298,Russell,32.3502,-85.1999,50.0,87,1,3.33,US,2021-04-06 11:42:56
299,Nanortalik,60.1432,-45.2371,35.91,93,100,2.71,GL,2021-04-06 11:42:56
300,San Buenaventura,27.0833,-101.5333,66.33,63,54,1.28,MX,2021-04-06 11:42:56
301,Gazli,40.1333,63.45,69.44,21,0,6.33,UZ,2021-04-06 11:42:57
302,Argentan,48.75,-0.0167,42.8,56,75,16.11,FR,2021-04-06 11:40:04
303,Teguise,29.0605,-13.564,71.6,46,40,9.22,ES,2021-04-06 11:42:57
304,Qiongshan,20.0058,110.3542,77.0,88,75,8.95,CN,2021-04-06 11:42:58
305,Skjervoy,70.0311,20.9714,37.4,87,75,4.61,NO,2021-04-06 11:42:58
306,Ugoofaaru,5.6667,73.0,84.47,68,78,8.95,MV,2021-04-06 11:42:58
307,Sakakah,29.9697,40.2064,86.0,7,0,17.27,SA,2021-04-06 11:42:14
308,Birao,10.2849,22.7882,106.7,6,10,8.5,CF,2021-04-06 11:42:59
309,Lata,40.1629,-8.3327,75.99,44,0,5.44,PT,2021-04-06 11:42:59
310,Bolivar,37.6145,-93.4105,60.01,76,48,15.03,US,2021-04-06 11:42:59
311,Muros,42.7762,-9.0603,62.01,48,0,9.53,ES,2021-04-06 11:43:00
312,Hambantota,6.1241,81.1185,87.8,74,20,6.91,LK,2021-04-06 11:43:00
313,Yulara,-25.2406,130.9889,80.6,22,0,8.05,AU,2021-04-06 11:43:00
314,Dutse,11.7594,9.3392,103.57,6,39,9.82,NG,2021-04-06 11:43:01
315,Tazovskiy,67.4667,78.7,32.36,96,100,10.0,RU,2021-04-06 11:43:01
316,Coahuayana,18.7333,-103.6833,67.75,90,42,3.22,MX,2021-04-06 11:43:01
317,The Pas,53.8251,-101.2541,28.4,80,1,1.36,CA,2021-04-06 11:43:02
318,Buala,-8.145,159.5921,80.29,82,100,5.23,SB,2021-04-06 11:43:02
319,Mujiayingzi,42.1167,118.7833,50.27,44,85,4.63,CN,2021-04-06 11:43:02
320,Tukrah,32.5341,20.5791,64.56,70,45,13.98,LY,2021-04-06 11:43:03
321,Cayenne,4.9333,-52.3333,82.4,78,40,8.05,GF,2021-04-06 11:42:15
322,Portobelo,9.55,-79.65,78.01,90,93,38.01,PA,2021-04-06 11:43:03
323,Lavrentiya,65.5833,-171.0,-9.98,94,7,8.9,RU,2021-04-06 11:43:04
324,Nouadhibou,20.931,-17.0347,75.2,50,0,19.57,MR,2021-04-06 11:43:04
325,Alta Floresta,-9.8756,-56.0861,74.14,94,100,2.24,BR,2021-04-06 11:43:04
326,Prabumulih,-3.45,104.25,78.44,85,70,3.62,ID,2021-04-06 11:43:05
327,Wageningen,51.9667,5.6667,44.01,65,75,12.66,NL,2021-04-06 11:43:05
328,Mutoko,-17.397,32.2268,78.69,39,17,7.65,ZW,2021-04-06 11:43:05
329,Port Lincoln,-34.7333,135.8667,65.52,72,0,13.09,AU,2021-04-06 11:43:06
330,Hasaki,35.7333,140.8333,50.0,76,75,12.66,JP,2021-04-06 11:43:06
331,Juneau,58.3019,-134.4197,35.6,80,90,6.91,US,2021-04-06 11:43:06
332,Coquimbo,-29.9533,-71.3436,53.6,82,0,4.61,CL,2021-04-06 11:43:07
333,Dhidhdhoo,6.8833,73.1,84.85,71,83,9.48,MV,2021-04-06 11:43:07
334,Bilibino,68.0546,166.4372,-18.72,99,32,4.29,RU,2021-04-06 11:43:07
335,Narrabri,-30.3167,149.7833,68.0,68,77,6.91,AU,2021-04-06 11:43:08
336,Shizunai,42.3339,142.3669,35.67,74,100,9.98,JP,2021-04-06 11:40:10
337,Meulaboh,4.1363,96.1285,79.95,80,61,2.84,ID,2021-04-06 11:43:08
338,Muvattupula,9.9667,76.5833,89.6,70,40,6.91,IN,2021-04-06 11:43:08
339,Narsaq,60.9167,-46.05,37.4,81,75,5.75,GL,2021-04-06 11:43:09
340,Srandakan,-7.9386,110.2506,77.63,90,99,7.16,ID,2021-04-06 11:42:03
341,Saint George,37.1041,-113.5841,57.2,26,1,9.22,US,2021-04-06 11:43:09
342,Leningradskiy,69.3833,178.4167,-16.87,99,86,4.79,RU,2021-04-06 11:43:09
343,Rock Springs,41.5875,-109.2029,28.99,86,90,14.97,US,2021-04-06 11:43:10
344,Kaeo,-35.1,173.7833,62.01,90,80,1.99,NZ,2021-04-06 11:43:10
345,Cockburn Town,21.4612,-71.1419,73.4,60,40,11.5,TC,2021-04-06 11:43:11
346,Tuatapere,-46.1333,167.6833,54.0,91,99,15.01,NZ,2021-04-06 11:43:11
347,Lukovetskiy,64.2956,41.9211,50.0,40,20,15.66,RU,2021-04-06 11:43:11
348,Yingkou,40.6648,122.2283,49.15,47,1,6.93,CN,2021-04-06 11:43:12
349,Rio Brilhante,-21.8019,-54.5464,79.07,51,72,7.58,BR,2021-04-06 11:43:12
350,Pacific Grove,36.6177,-121.9166,51.8,82,90,4.56,US,2021-04-06 11:43:13
351,Sao Gabriel Da Cachoeira,-0.1303,-67.0892,71.38,98,99,0.29,BR,2021-04-06 11:43:13
352,Hualmay,-11.0964,-77.6139,70.07,83,98,7.25,PE,2021-04-06 11:43:13
353,La Cruz,23.9167,-106.9,65.95,61,0,5.1,MX,2021-04-06 11:43:14
354,Dehloran,32.6941,47.2679,88.84,13,0,7.9,IR,2021-04-06 11:43:14
355,Balkhash,46.844,74.9804,55.4,62,20,2.24,KZ,2021-04-06 11:43:15
356,Terme,41.2092,36.9739,62.01,72,75,4.61,TR,2021-04-06 11:43:15
357,Carutapera,-1.195,-46.02,81.57,82,38,8.43,BR,2021-04-06 11:43:15
358,Lodwar,3.1191,35.5973,94.98,30,70,6.67,KE,2021-04-06 11:43:16
359,Hirado,33.3597,129.5531,55.4,54,0,13.8,JP,2021-04-06 11:43:16
360,Nanding,36.7483,118.0558,64.99,40,48,5.7,CN,2021-04-06 11:43:16
361,Viedma,-40.8135,-62.9967,71.1,68,100,12.33,AR,2021-04-06 11:43:17
362,North Platte,41.1239,-100.7654,57.2,72,1,10.36,US,2021-04-06 11:43:17
363,Alofi,-19.0595,-169.9187,75.2,94,90,2.3,NU,2021-04-06 11:43:17
364,Quatre Cocos,-20.2078,57.7625,86.0,70,20,8.05,MU,2021-04-06 11:43:18
365,Westport,41.1415,-73.3579,46.0,45,1,6.91,US,2021-04-06 11:43:18
366,Tete,-16.1564,33.5867,91.4,35,75,9.22,MZ,2021-04-06 11:43:18
367,Erenhot,43.6475,111.9767,51.24,27,31,13.11,CN,2021-04-06 11:43:19
368,Joshimath,30.5667,79.5667,58.1,76,97,2.39,IN,2021-04-06 11:43:19
369,Boyolangu,-8.1181,111.8935,77.18,88,98,4.47,ID,2021-04-06 11:43:19
370,Padang,-0.9492,100.3543,84.2,79,20,4.61,ID,2021-04-06 11:43:19
371,Havre-Saint-Pierre,50.2334,-63.5986,44.6,87,75,20.71,CA,2021-04-06 11:43:20
372,Morant Bay,17.8815,-76.4093,78.01,78,20,4.61,JM,2021-04-06 11:43:20
373,Hirara,24.8,125.2833,68.0,68,20,11.5,JP,2021-04-06 11:43:21
374,Matveyev Kurgan,47.5645,38.8695,51.66,53,40,16.58,RU,2021-04-06 11:43:21
375,Batsfjord,70.6345,29.7185,35.6,75,40,26.46,NO,2021-04-06 11:43:21
376,Port Hardy,50.6996,-127.4199,41.0,93,90,2.3,CA,2021-04-06 11:43:22
377,Marsaxlokk,35.8419,14.5431,62.6,67,20,20.71,MT,2021-04-06 11:43:22
378,Ellensburg,46.9965,-120.5479,42.8,39,1,10.36,US,2021-04-06 11:40:28
379,Ajdabiya,30.7554,20.2263,69.82,53,41,21.14,LY,2021-04-06 11:39:06
380,Santa Lucia,27.9117,-15.5407,68.0,68,40,10.36,ES,2021-04-06 11:43:23
381,Lima,-12.0432,-77.0282,70.0,88,0,4.61,PE,2021-04-06 11:38:23
382,Sitka,57.0531,-135.33,35.6,80,90,6.91,US,2021-04-06 11:43:23
383,Te Anau,-45.4167,167.7167,48.04,92,98,0.83,NZ,2021-04-06 11:43:23
384,Walvis Bay,-22.9575,14.5053,78.8,44,12,12.66,NA,2021-04-06 11:43:24
385,Kara-Tyube,44.6336,45.4369,59.61,32,43,12.88,RU,2021-04-06 11:43:24
386,Barcelona,41.3888,2.159,60.8,72,75,8.05,ES,2021-04-06 11:43:25
387,Dayong,25.0209,118.2898,68.0,64,0,8.95,CN,2021-04-06 11:43:25
388,Bucerias,20.75,-105.3333,68.0,88,1,3.44,MX,2021-04-06 11:40:44
389,Amahai,-3.3333,128.9167,80.47,79,67,3.87,ID,2021-04-06 11:43:26
390,Iralaya,15.0,-83.2333,76.06,85,99,8.97,HN,2021-04-06 11:43:26
391,Sa Kaeo,13.75,102.3333,81.84,70,100,15.26,TH,2021-04-06 11:43:26
392,Chuncheng,22.1731,111.7886,74.75,79,59,5.41,CN,2021-04-06 11:43:26
393,Todos Santos,23.45,-110.2167,70.0,30,0,2.3,MX,2021-04-06 11:43:27
394,Sarkand,45.41,79.9186,50.67,65,69,5.91,KZ,2021-04-06 11:43:27
395,Vila Velha,-20.3297,-40.2925,75.2,73,20,2.3,BR,2021-04-06 11:43:28
396,Bhopal,23.2667,77.4,104.0,16,20,9.22,IN,2021-04-06 11:42:18
397,Road Town,18.4167,-64.6167,77.0,85,95,8.01,VG,2021-04-06 11:43:28
398,Saint-Joseph,-21.3667,55.6167,86.0,66,75,10.36,RE,2021-04-06 11:43:29
399,Vao,-22.6667,167.4833,75.99,71,89,23.8,NC,2021-04-06 11:43:29
400,Scarborough,54.2797,-0.4044,39.99,54,92,5.01,GB,2021-04-06 11:43:30
401,Urucuca,-14.5931,-39.2844,80.6,83,75,6.91,BR,2021-04-06 11:43:30
402,Svetlogorsk,52.6333,29.7333,42.28,54,100,8.08,BY,2021-04-06 11:43:30
403,Pitimbu,-7.4706,-34.8086,80.6,89,20,5.75,BR,2021-04-06 11:43:31
404,Suoyarvi,62.0833,32.35,33.89,75,91,13.47,RU,2021-04-06 11:43:31
405,Monywa,22.1167,95.1333,92.5,22,0,7.09,MM,2021-04-06 11:43:31
406,Abu Dhabi,24.4667,54.3667,82.4,47,0,11.5,AE,2021-04-06 11:38:50
407,Maneadero,31.7167,-116.5667,55.99,88,20,4.0,MX,2021-04-06 11:43:32
408,Ahipara,-35.1667,173.1667,63.09,93,99,6.55,NZ,2021-04-06 11:43:32
409,Stornoway,58.2093,-6.3865,36.0,64,40,25.32,GB,2021-04-06 11:43:32
410,Yagodnoye,62.55,149.6667,3.88,96,100,2.44,RU,2021-04-06 11:43:33
411,Poso,-1.3959,120.7524,79.14,85,68,1.59,ID,2021-04-06 11:43:33
412,Yarada,17.65,83.2667,86.0,66,20,9.22,IN,2021-04-06 11:43:33
413,Warmbad,-28.45,18.7333,87.66,20,2,2.26,NA,2021-04-06 11:43:34
414,Riverton,40.5219,-111.9391,36.0,100,90,9.22,US,2021-04-06 11:43:34
415,Muswellbrook,-32.2667,150.9,66.0,82,46,4.97,AU,2021-04-06 11:43:34
416,Lorengau,-2.0226,147.2712,80.62,82,60,6.26,PG,2021-04-06 11:43:35
417,Pangnirtung,66.1451,-65.7125,5.0,78,75,8.05,CA,2021-04-06 11:43:35
418,Belen,36.4891,36.2233,73.4,38,0,12.66,TR,2021-04-06 11:43:35
419,Varazdin,46.3044,16.3378,39.99,60,100,1.99,HR,2021-04-06 11:40:49
420,Chandbali,20.7833,86.7667,85.23,54,0,17.36,IN,2021-04-06 11:43:36
421,Nishihara,26.1842,127.7558,68.0,64,20,23.02,JP,2021-04-06 11:43:36
422,Gunjur,13.2019,-16.7339,82.4,47,0,8.05,GM,2021-04-06 11:43:37
423,Sumbe,-11.2061,13.8437,86.52,70,93,9.62,AO,2021-04-06 11:43:37
424,Ucluelet,48.9329,-125.5528,42.01,90,46,2.8,CA,2021-04-06 11:43:37
425,Le Mans,48.0,0.2,44.6,42,90,6.91,FR,2021-04-06 11:43:38
426,Honiara,-9.4333,159.95,78.42,88,100,2.48,SB,2021-04-06 11:43:38
427,Kharp,66.8014,65.8081,27.07,88,7,5.75,RU,2021-04-06 11:43:38
428,Bud,39.447,-86.1758,55.0,71,1,4.61,US,2021-04-06 11:43:39
429,Mikhaylovskoye,51.8239,79.7172,41.74,70,97,2.91,RU,2021-04-06 11:43:39
430,Cascais,38.6979,-9.4215,68.0,55,0,4.61,PT,2021-04-06 11:43:39
431,Liverpool,53.4106,-2.9779,46.4,49,75,18.41,GB,2021-04-06 11:39:21
432,Cap Malheureux,-19.9842,57.6142,84.0,72,4,5.99,MU,2021-04-06 11:43:40
433,Sulecin,52.4443,15.1168,46.0,41,72,13.0,PL,2021-04-06 11:43:40
434,Mporokoso,-9.3727,30.125,72.28,74,88,5.35,ZM,2021-04-06 11:43:40
435,Price,39.5994,-110.8107,33.8,37,1,16.11,US,2021-04-06 11:43:41
436,Playas,-2.6333,-80.3833,74.43,84,100,2.86,EC,2021-04-06 11:43:41
437,Iqaluit,63.7506,-68.5145,5.0,85,75,5.75,CA,2021-04-06 11:43:12
438,Camargo,27.6667,-105.1667,63.28,25,12,5.77,MX,2021-04-06 11:43:41
439,Ust-Kuyga,70.0167,135.6,-16.8,99,77,2.95,RU,2021-04-06 11:43:42
440,Sept-Iles,50.2001,-66.3821,42.8,93,75,9.22,CA,2021-04-06 11:43:42
441,Gimli,50.6336,-96.9907,30.2,80,9,9.22,CA,2021-04-06 11:43:42
442,Canavieiras,-15.675,-38.9472,79.09,74,34,6.85,BR,2021-04-06 11:43:43
443,Ouango,4.3133,22.5552,100.9,24,66,5.01,CF,2021-04-06 11:43:43
444,Avera,33.194,-82.5271,50.0,71,1,5.7,US,2021-04-06 11:43:43
445,Babati,-4.2167,35.75,79.72,46,63,6.85,TZ,2021-04-06 11:43:44
446,The Valley,18.217,-63.0578,79.0,83,20,4.61,AI,2021-04-06 11:38:54
447,Ambilobe,-13.2,49.05,84.65,74,100,5.35,MG,2021-04-06 11:43:44
448,Yantal,56.8471,105.2542,30.16,97,62,4.05,RU,2021-04-06 11:43:44
449,Itapecerica Da Serra,-23.7169,-46.8492,70.0,77,0,6.91,BR,2021-04-06 11:42:47
450,Natitingou,10.3042,1.3796,91.4,46,20,8.05,BJ,2021-04-06 11:43:45
451,Botwood,49.1499,-55.3482,39.0,95,100,4.0,CA,2021-04-06 11:43:45
452,Serik,36.9169,31.0989,73.4,33,75,4.61,TR,2021-04-06 11:43:45
453,Chokurdakh,70.6333,147.9167,-25.24,94,52,2.57,RU,2021-04-06 11:43:46
454,Teknaf,20.8624,92.3058,81.05,69,0,9.78,BD,2021-04-06 11:43:46
455,Hongjiang,27.11,109.9956,55.47,97,100,3.11,CN,2021-04-06 11:41:24
456,Marshfield,44.6689,-90.1718,54.0,94,1,5.75,US,2021-04-06 11:43:47
457,Bereda,43.2686,-7.5406,55.0,79,57,14.0,ES,2021-04-06 11:43:47
458,Emerald,-23.5333,148.1667,77.0,78,75,5.75,AU,2021-04-06 11:43:47
459,Morris,40.8334,-74.5329,44.01,55,25,8.81,US,2021-04-06 11:43:48
460,Qaqortoq,60.7167,-46.0333,37.4,81,75,5.75,GL,2021-04-06 11:43:48
461,Shebalino,51.2917,85.6772,41.97,82,99,3.31,RU,2021-04-06 11:43:48
462,Redlands,34.0556,-117.1825,53.6,76,1,3.44,US,2021-04-06 11:41:50
463,Obeliai,55.9667,25.15,42.46,53,85,16.73,LT,2021-04-06 11:43:49
464,Zambezi,-13.5432,23.1047,84.58,34,59,8.63,ZM,2021-04-06 11:43:49
465,Henties Bay,-22.116,14.2845,64.99,82,3,15.01,NA,2021-04-06 11:43:50
466,Tautira,-17.7333,-149.15,77.0,69,75,6.91,PF,2021-04-06 11:43:50
467,Zhaodong,46.0833,125.9833,42.8,36,0,2.24,CN,2021-04-06 11:43:50
468,Alcantarilla,37.9694,-1.2171,79.0,27,20,2.3,ES,2021-04-06 11:43:51
469,Bull Savanna,17.8868,-77.5902,72.79,78,75,5.48,JM,2021-04-06 11:43:51
470,Kibakwe,-6.7167,36.3667,78.08,64,94,4.99,TZ,2021-04-06 11:43:51
471,Wanning,18.8003,110.3967,75.29,90,46,8.23,CN,2021-04-06 11:43:52
472,Bethel,41.3712,-73.414,44.01,49,33,8.28,US,2021-04-06 11:41:16
473,Nemuro,43.3236,145.575,33.3,74,100,8.86,JP,2021-04-06 11:43:52
474,Minsk,53.9,27.5667,41.0,48,75,13.42,BY,2021-04-06 11:43:02
475,Banda Aceh,5.5577,95.3222,81.0,79,95,8.81,ID,2021-04-06 11:43:53
476,Kununurra,-15.7667,128.7333,80.6,74,40,8.05,AU,2021-04-06 11:43:53
477,Harper,4.375,-7.7169,85.39,69,90,7.96,LR,2021-04-06 11:43:53
478,Sayat,38.7839,63.8803,69.8,28,0,9.22,TM,2021-04-06 11:43:54
479,Pisco,-13.7,-76.2167,66.2,88,44,6.91,PE,2021-04-06 11:43:54
480,Kyren,51.6828,102.1408,43.57,60,92,1.52,RU,2021-04-06 11:43:54
481,Sur,22.5667,59.5289,85.1,38,1,9.91,OM,2021-04-06 11:43:55
482,Atbasar,51.8,68.3333,32.74,100,97,6.42,KZ,2021-04-06 11:43:55
483,Atar,20.5169,-13.0499,94.08,11,24,9.53,MR,2021-04-06 11:43:56
484,Chalmette,29.9427,-89.9634,66.2,88,90,5.75,US,2021-04-06 11:43:56
485,Bilma,18.6853,12.9164,96.94,3,12,4.92,NE,2021-04-06 11:43:56
486,Dicabisagan,17.0818,122.4157,74.7,77,17,9.33,PH,2021-04-06 11:43:57
487,Itacare,-14.2775,-38.9967,80.6,83,75,6.91,BR,2021-04-06 11:43:57
488,Takestan,36.0696,49.6959,75.2,23,0,4.61,IR,2021-04-06 11:43:57
489,Grand-Lahou,5.1367,-5.0242,86.72,67,75,7.92,CI,2021-04-06 11:43:58
490,Luderitz,-26.6481,15.1594,73.45,58,0,22.15,NA,2021-04-06 11:43:58
491,Srednekolymsk,67.45,153.6833,-13.07,98,37,7.83,RU,2021-04-06 11:43:58
492,Tocopilla,-22.092,-70.1979,70.12,73,31,7.54,CL,2021-04-06 11:41:54
493,Qasigiannguit,68.8193,-51.1922,18.25,87,96,3.49,GL,2021-04-06 11:43:59
494,Batagay,67.6333,134.6333,-10.57,96,93,2.77,RU,2021-04-06 11:43:59
495,Taoudenni,22.6783,-3.9836,93.6,6,12,12.84,ML,2021-04-06 11:43:59
496,Neyshabur,36.2133,58.7958,69.75,12,0,14.18,IR,2021-04-06 11:44:00
497,Guarapari,-20.6667,-40.4975,75.2,73,20,2.3,BR,2021-04-06 11:44:00
498,Juli,-16.2167,-69.45,41.67,78,87,1.83,PE,2021-04-06 11:44:00
499,Auch,43.65,0.5833,52.0,60,81,1.99,FR,2021-04-06 11:44:01
500,Lazaro Cardenas,17.9583,-102.2,73.08,81,1,4.7,MX,2021-04-06 11:44:01
501,Aldan,58.6031,125.3894,-3.75,93,98,4.79,RU,2021-04-06 11:44:01
502,Campbell River,50.0163,-125.2446,36.0,90,98,3.56,CA,2021-04-06 11:41:02
503,Hamilton,39.1834,-84.5333,55.0,54,20,3.44,US,2021-04-06 11:44:02
504,Ozernovskiy,51.5,156.5167,25.61,76,100,12.24,RU,2021-04-06 11:44:02
505,Rumoi,43.9344,141.6428,35.92,57,88,7.43,JP,2021-04-06 11:44:02
506,Yerkoy,39.6381,34.4672,71.08,24,100,17.87,TR,2021-04-06 11:44:03
507,Nedjo,9.5046,35.5019,86.13,18,60,4.03,ET,2021-04-06 11:44:03
508,Damghan,36.1683,54.348,73.87,13,10,7.58,IR,2021-04-06 11:44:04
509,Formosa,-26.1775,-58.1781,69.8,94,90,5.75,AR,2021-04-06 11:44:04
510,Taperoa,-7.2075,-36.8267,79.14,55,97,15.41,BR,2021-04-06 11:44:04
511,Vermillion,42.7794,-96.9292,62.01,58,1,7.78,US,2021-04-06 11:40:26
512,Killybegs,54.6333,-8.45,44.6,61,40,23.02,IE,2021-04-06 11:44:05
513,Iquique,-20.2208,-70.1431,66.2,72,0,5.75,CL,2021-04-06 11:42:10
514,Yar-Sale,66.8333,70.8333,29.88,94,96,14.43,RU,2021-04-06 11:44:05
515,Roald,62.5833,6.1333,39.2,81,75,14.97,NO,2021-04-06 11:44:05
516,Altus,34.6381,-99.334,59.0,88,1,13.8,US,2021-04-06 11:43:29
517,Koslan,63.4564,48.8989,41.29,78,91,11.05,RU,2021-04-06 11:44:06
518,Gushikawa,26.3544,127.8686,68.0,64,75,13.8,JP,2021-04-06 11:44:06
519,Madimba,-10.4,40.3333,77.0,94,75,8.05,TZ,2021-04-06 11:44:06
520,Chumikan,54.7183,135.315,22.75,74,100,25.28,RU,2021-04-06 11:44:07
521,Katherine,-14.4667,132.2667,78.8,69,40,2.3,AU,2021-04-06 11:44:07
522,Kuala Terengganu,5.3302,103.1408,84.2,84,40,2.3,MY,2021-04-06 11:44:08
523,Chupa,66.27,33.0549,35.49,71,100,10.49,RU,2021-04-06 11:44:08
524,Raudeberg,61.9875,5.1352,39.0,87,100,6.69,NO,2021-04-06 11:44:08
525,Puerto El Triunfo,13.2833,-88.55,77.0,57,0,5.75,SV,2021-04-06 11:44:09
526,Tymovskoye,50.8456,142.655,29.79,94,91,7.38,RU,2021-04-06 11:44:09
527,Honningsvag,70.9821,25.9704,35.6,75,75,12.66,NO,2021-04-06 11:44:09
528,Jiexiu,37.0244,111.9125,59.88,45,98,2.62,CN,2021-04-06 11:44:10
529,Karratha,-20.7377,116.8463,85.37,50,19,8.75,AU,2021-04-06 11:44:10
530,Limerick,52.6647,-8.6231,46.0,53,75,12.66,IE,2021-04-06 11:44:10
531,Lang Suan,9.9456,99.0785,77.0,94,75,9.22,TH,2021-04-06 11:44:11
532,Tigil,57.8,158.6667,14.86,94,100,2.48,RU,2021-04-06 11:44:11
533,Yazd,31.8972,54.3675,80.6,8,0,9.22,IR,2021-04-06 11:44:11
534,Belyy Yar,53.6039,91.3903,62.6,29,0,4.47,RU,2021-04-06 11:44:11
535,Noshiro,40.2039,140.0242,46.4,39,0,9.22,JP,2021-04-06 11:44:12
536,Jalu,29.0331,21.5482,86.38,22,79,15.28,LY,2021-04-06 11:44:12
537,Spiez,46.6847,7.6911,39.0,52,59,5.99,CH,2021-04-06 11:44:12
538,Flinders,-34.5833,150.8552,70.0,89,10,1.01,AU,2021-04-06 11:44:13
539,Vila Franca Do Campo,37.7167,-25.4333,66.2,82,40,12.66,PT,2021-04-06 11:44:13
540,Caravelas,-17.7125,-39.2481,80.78,63,47,9.57,BR,2021-04-06 11:44:13
541,Basqal,40.7552,48.391,71.6,37,75,17.27,AZ,2021-04-06 11:44:14
542,Kroya,-7.6331,109.2461,76.48,95,100,4.5,ID,2021-04-06 11:44:14
543,Magnolia,33.2671,-93.2393,55.99,82,1,4.61,US,2021-04-06 11:44:14
544,San Vicente,-26.6167,-54.1333,60.58,99,100,3.24,AR,2021-04-06 11:44:15
545,Mitchell,43.7094,-98.0298,46.4,57,1,9.22,US,2021-04-06 11:41:45
546,Omboue,-1.5746,9.2618,86.92,64,100,9.71,GA,2021-04-06 11:44:15
547,Cabedelo,-6.9811,-34.8339,80.6,89,20,5.75,BR,2021-04-06 11:40:51
548,Babol,36.5513,52.679,78.8,34,0,9.22,IR,2021-04-06 11:44:16
549,Vohibinany,-17.35,49.0333,81.3,86,84,3.76,MG,2021-04-06 11:44:16
550,Ust-Omchug,61.15,149.6333,5.27,97,100,3.51,RU,2021-04-06 11:44:17
551,Weyburn,49.6668,-103.8511,19.4,73,18,2.3,CA,2021-04-06 11:40:34
