City_ID,City,Country,Date,Lat,Lng,Max Temp,Humidity,Cloudiness,Wind Speed,Current Description,Rain inches (last 3 hrs),Snow inches (last 3 hrs)
0,Hobart,AU,2021-04-11 09:17:50,-42.8794,147.3294,48.2,71,75,13.8,broken clouds,0.0,0
1,Batagay-Alyta,RU,2021-04-11 09:17:51,67.8006,130.4114,3.43,75,0,1.9,clear sky,0.0,0
2,Tiksi,RU,2021-04-11 09:17:51,71.6872,128.8694,-1.08,90,56,6.04,broken clouds,0.0,0
3,Rosarito,MX,2021-04-11 09:14:19,32.3333,-117.0333,55.99,76,75,1.57,broken clouds,0.0,0
4,Kodiak,US,2021-04-11 09:17:51,57.79,-152.4072,33.8,86,90,5.75,light rain,0.25,0
5,Yellowknife,CA,2021-04-11 09:14:13,62.456,-114.3525,-7.01,71,1,8.05,clear sky,0.0,0
6,Leningradskiy,RU,2021-04-11 09:17:52,69.3833,178.4167,-18.72,99,67,5.5,broken clouds,0.0,0
7,Namatanai,PG,2021-04-11 09:17:52,-3.6667,152.4333,77.92,89,100,4.83,heavy intensity rain,0.0,0
8,College,US,2021-04-11 09:17:53,64.8569,-147.8028,-0.4,64,20,3.44,few clouds,0.0,0
9,Hovd,MN,2021-04-11 09:17:53,48.0056,91.6419,39.27,27,99,7.07,overcast clouds,0.0,0
10,Santa Cruz,BO,2021-04-11 09:15:03,-17.8,-63.1667,73.4,94,75,11.5,broken clouds,0.0,0
11,Barrow,US,2021-04-11 09:17:54,71.2906,-156.7887,-14.8,76,1,3.22,clear sky,0.0,0
12,Bredasdorp,ZA,2021-04-11 09:17:54,-34.5322,20.0403,73.4,60,100,8.05,overcast clouds,0.0,0
13,Ushuaia,AR,2021-04-11 09:15:21,-54.8,-68.3,44.6,57,20,23.02,few clouds,0.0,0
14,Iralaya,HN,2021-04-11 09:17:54,15.0,-83.2333,78.89,85,99,9.73,overcast clouds,0.0,0
15,Atuona,PF,2021-04-11 09:17:55,-9.8,-139.0333,80.2,75,44,15.68,scattered clouds,0.0,0
16,Ilulissat,GL,2021-04-11 09:17:55,69.2167,-51.1,19.4,63,100,1.14,overcast clouds,0.0,0
17,Vaini,TO,2021-04-11 09:17:55,-21.2,-175.2,73.4,88,40,4.61,scattered clouds,0.0,0
18,Donskoye,RU,2021-04-11 09:17:56,45.4552,41.9741,44.6,87,90,6.71,light rain,0.0,0
19,Bhim Tal,IN,2021-04-11 09:17:56,29.35,79.5667,82.54,5,2,9.78,clear sky,0.0,0
20,Hermanus,ZA,2021-04-11 09:17:56,-34.4187,19.2345,72.0,68,100,4.68,overcast clouds,0.0,0
21,Rikitea,PF,2021-04-11 09:17:57,-23.1203,-134.9692,78.21,77,3,12.71,light rain,0.0,0
22,Port Alfred,ZA,2021-04-11 09:17:57,-33.5906,26.891,74.79,74,93,5.59,overcast clouds,0.0,0
23,Mount Gambier,AU,2021-04-11 09:17:57,-37.8333,140.7667,53.6,82,90,8.05,overcast clouds,0.0,0
24,Tuatapere,NZ,2021-04-11 09:17:58,-46.1333,167.6833,51.01,90,28,1.01,scattered clouds,0.0,0
25,Lavrentiya,RU,2021-04-11 09:17:58,65.5833,-171.0,1.92,73,100,24.45,overcast clouds,0.0,0
26,Maragogi,BR,2021-04-11 09:17:58,-9.0122,-35.2225,76.12,89,79,3.04,moderate rain,0.0,0
27,Ascension,US,2021-04-11 09:17:59,30.2169,-90.9001,69.8,88,90,5.75,overcast clouds,0.0,0
28,Brainerd,US,2021-04-11 09:17:59,46.358,-94.2008,37.99,93,90,6.91,overcast clouds,0.0,0
29,Tuktoyaktuk,CA,2021-04-11 09:17:59,69.4541,-133.0374,-17.25,97,16,9.08,few clouds,0.0,0
30,Maumere,ID,2021-04-11 09:18:00,-8.6199,122.2111,83.7,70,26,3.44,scattered clouds,0.0,0
31,Mayo,US,2021-04-11 09:18:00,38.8876,-76.5119,60.8,100,90,10.36,light rain,0.0,0
32,Gamba,GA,2021-04-11 09:18:01,-2.65,10.0,80.98,78,100,4.88,overcast clouds,0.0,0
33,Saint-Leu,RE,2021-04-11 09:18:01,-21.15,55.2833,84.2,70,75,8.05,light rain,0.0,0
34,Mittagong,AU,2021-04-11 09:18:01,-34.45,150.45,59.0,50,4,1.01,clear sky,0.0,0
35,Saint-Francois,FR,2021-04-11 09:18:01,46.4154,3.9054,51.01,93,90,3.44,light rain,0.0,0
36,Auckland,NZ,2021-04-11 09:15:00,-36.8667,174.7667,64.99,91,25,5.01,scattered clouds,0.0,0
37,Port Macquarie,AU,2021-04-11 09:18:02,-31.4333,152.9167,62.01,46,2,10.47,clear sky,0.0,0
38,Clyde River,CA,2021-04-11 09:18:02,70.4692,-68.5914,23.0,93,90,25.32,light snow,0.0,0
39,Mataura,NZ,2021-04-11 09:18:03,-46.1927,168.8643,51.01,90,51,1.01,broken clouds,0.0,0
40,Jamestown,US,2021-04-11 09:15:38,42.097,-79.2353,57.0,94,90,8.05,light rain,0.0,0
41,Mount Isa,AU,2021-04-11 09:18:03,-20.7333,139.5,80.6,18,0,14.97,clear sky,0.0,0
42,Miri,MY,2021-04-11 09:13:20,4.4148,114.0089,86.0,70,40,8.05,moderate rain,0.0,0
43,Carutapera,BR,2021-04-11 09:18:04,-1.195,-46.02,75.13,93,100,5.23,overcast clouds,0.0,0
44,Sioux Lookout,CA,2021-04-11 09:18:04,50.1001,-91.917,35.6,93,90,4.61,light intensity drizzle,0.0,0
45,Butaritari,KI,2021-04-11 09:18:05,3.0707,172.7902,81.91,77,80,9.31,broken clouds,0.0,0
46,Mar Del Plata,AR,2021-04-11 09:15:23,-38.0023,-57.5575,61.0,88,90,32.21,moderate rain,0.0,0
47,Kapaa,US,2021-04-11 09:18:05,22.0752,-159.319,68.0,77,1,4.61,clear sky,0.0,0
48,Dikson,RU,2021-04-11 09:18:05,73.5069,80.5464,32.05,93,100,23.94,overcast clouds,0.0,0
49,Qaqortoq,GL,2021-04-11 09:18:06,60.7167,-46.0333,32.0,74,8,1.14,clear sky,0.0,0
50,Guhagar,IN,2021-04-11 09:18:06,17.4842,73.1929,92.46,45,7,11.68,clear sky,0.0,0
51,Puerto Ayora,EC,2021-04-11 09:18:06,-0.7393,-90.3518,74.08,89,90,2.66,overcast clouds,0.0,0
52,Port-Gentil,GA,2021-04-11 09:18:07,-0.7193,8.7815,86.0,70,40,3.44,moderate rain,0.0,0
53,Busselton,AU,2021-04-11 09:18:07,-33.65,115.3333,60.01,96,100,1.99,moderate rain,0.0,0
54,Upernavik,GL,2021-04-11 09:18:08,72.7868,-56.1549,15.91,80,100,7.56,overcast clouds,0.0,0
55,Hithadhoo,MV,2021-04-11 09:18:08,-0.6,73.0833,83.37,73,52,11.1,broken clouds,0.0,0
56,Mahajanga,MG,2021-04-11 09:18:08,-15.7167,46.3167,87.8,58,20,8.05,few clouds,0.0,0
57,Ugoofaaru,MV,2021-04-11 09:18:09,5.6667,73.0,83.52,68,8,3.13,clear sky,0.0,0
58,Kahului,US,2021-04-11 09:18:09,20.8947,-156.47,66.2,82,1,4.23,clear sky,0.0,0
59,Hasaki,JP,2021-04-11 09:18:09,35.7333,140.8333,57.0,62,20,6.91,few clouds,0.0,0
60,Arraial Do Cabo,BR,2021-04-11 09:18:10,-22.9661,-42.0278,69.8,88,0,5.75,clear sky,0.0,0
61,Hambantota,LK,2021-04-11 09:18:10,6.1241,81.1185,89.6,66,40,8.05,scattered clouds,0.0,0
62,Mastic Beach,US,2021-04-11 09:18:10,40.7668,-72.8521,55.4,94,90,3.8,fog,0.0,0
63,Khao Yoi,TH,2021-04-11 09:18:11,13.2403,99.8243,93.0,74,20,10.36,few clouds,0.0,0
64,Benalla,AU,2021-04-11 09:18:11,-36.55,145.9833,50.0,66,75,5.75,broken clouds,0.0,0
65,Khatanga,RU,2021-04-11 09:18:11,71.9667,102.5,31.62,90,98,11.43,overcast clouds,0.0,0
66,Bluff,NZ,2021-04-11 09:18:12,-46.6,168.3333,51.01,90,9,1.01,clear sky,0.0,0
67,Avarua,CK,2021-04-11 09:18:12,-21.2078,-159.775,75.2,100,40,1.14,scattered clouds,0.0,0
68,Lebu,CL,2021-04-11 09:18:13,-37.6167,-73.65,49.82,79,0,7.34,clear sky,0.0,0
69,Souillac,MU,2021-04-11 09:18:13,-20.5167,57.5167,82.4,78,75,13.8,light rain,0.0,0
70,Mahebourg,MU,2021-04-11 09:18:13,-20.4081,57.7,82.4,78,75,13.8,light rain,0.0,0
71,Aklavik,CA,2021-04-11 09:18:13,68.2191,-135.0107,-7.6,59,7,5.75,clear sky,0.0,0
72,Tikapur,NP,2021-04-11 09:13:17,28.5,81.1333,102.42,3,0,8.77,clear sky,0.0,0
73,Ancud,CL,2021-04-11 09:14:15,-41.8697,-73.8203,53.01,100,90,13.8,moderate rain,0.0,0
74,Codrington,AU,2021-04-11 09:18:14,-38.2667,141.9667,54.61,64,100,15.86,overcast clouds,0.0,0
75,Sarkand,KZ,2021-04-11 09:18:14,45.41,79.9186,61.97,30,0,8.61,clear sky,0.0,0
76,Trelew,AR,2021-04-11 09:18:15,-43.249,-65.3051,57.29,49,2,12.3,clear sky,0.0,0
77,Praia Da Vitoria,PT,2021-04-11 09:18:15,38.7333,-27.0667,60.8,94,75,11.61,broken clouds,0.0,0
78,Norman Wells,CA,2021-04-11 09:18:15,65.282,-126.8329,-25.6,68,20,2.3,few clouds,0.0,0
79,Saint-Philippe,RE,2021-04-11 09:18:16,-21.3585,55.7679,84.2,70,75,8.05,light rain,0.0,0
80,Bagdarin,RU,2021-04-11 09:18:16,54.4333,113.6,22.48,32,99,10.74,overcast clouds,0.0,0
81,Port Keats,AU,2021-04-11 09:16:12,-14.25,129.55,84.31,73,95,6.51,overcast clouds,0.0,0
82,Qaanaaq,GL,2021-04-11 09:18:17,77.484,-69.3632,13.57,79,100,10.33,overcast clouds,0.0,0
83,Nieuw Amsterdam,SR,2021-04-11 09:18:17,5.8833,-55.0833,75.99,94,40,4.45,light rain,0.0,0
84,Apastovo,RU,2021-04-11 09:18:17,55.2029,48.5109,39.2,87,90,6.71,light rain,0.0,0
85,Parker,US,2021-04-11 09:18:18,32.7668,-97.8003,55.99,72,0,7.63,clear sky,0.0,0
86,New Norfolk,AU,2021-04-11 09:18:18,-42.7826,147.0587,46.99,77,97,3.0,overcast clouds,0.0,0
87,Sinnamary,GF,2021-04-11 09:18:18,5.3833,-52.95,74.91,95,100,10.02,overcast clouds,0.0,0
88,Albany,US,2021-04-11 09:15:05,42.6001,-73.9662,57.99,77,100,2.62,overcast clouds,0.0,0
89,Itacarambi,BR,2021-04-11 09:18:19,-15.1022,-44.0919,65.07,76,24,2.33,few clouds,0.0,0
90,Krasne,UA,2021-04-11 09:18:19,49.9145,24.6134,60.8,29,0,11.18,clear sky,0.0,0
91,General Pico,AR,2021-04-11 09:17:36,-35.6566,-63.7568,50.65,95,2,10.18,clear sky,0.0,0
92,Kaitangata,NZ,2021-04-11 09:18:20,-46.2817,169.8464,52.81,97,65,3.8,broken clouds,0.0,0
93,Tairua,NZ,2021-04-11 09:18:20,-37.0167,175.85,66.0,92,45,3.0,scattered clouds,0.0,0
94,Nanortalik,GL,2021-04-11 09:18:20,60.1432,-45.2371,34.54,74,8,11.12,clear sky,0.0,0
95,Kyabe,TD,2021-04-11 09:18:21,9.4515,18.9449,98.58,6,16,7.9,few clouds,0.0,0
96,Garut,ID,2021-04-11 09:18:21,-7.2024,107.8878,79.0,69,94,1.01,heavy intensity rain,0.0,0
97,Carnarvon,AU,2021-04-11 09:18:21,-24.8667,113.6333,78.8,100,75,26.46,broken clouds,0.0,0
98,Georgetown,MY,2021-04-11 09:18:22,5.4112,100.3354,89.6,70,20,8.05,few clouds,0.0,0
99,Nezhinka,RU,2021-04-11 09:18:22,51.7676,55.3694,59.0,51,0,15.66,clear sky,0.0,0
100,Tasiilaq,GL,2021-04-11 09:18:22,65.6145,-37.6368,24.8,58,0,2.3,clear sky,0.0,0
101,Emerald,AU,2021-04-11 09:18:23,-23.5333,148.1667,82.4,30,21,6.91,few clouds,0.0,0
102,Zambezi,ZM,2021-04-11 09:18:23,-13.5432,23.1047,77.45,40,1,11.32,clear sky,0.0,0
103,Ahipara,NZ,2021-04-11 09:18:23,-35.1667,173.1667,63.68,89,14,4.29,few clouds,0.0,0
104,Ponta Delgada,PT,2021-04-11 09:18:24,37.7333,-25.6667,62.6,94,40,8.05,scattered clouds,0.0,0
105,Punta Arenas,CL,2021-04-11 09:18:24,-53.15,-70.9167,44.6,76,75,14.97,broken clouds,0.0,0
106,Ribeira Grande,PT,2021-04-11 09:18:24,38.5167,-28.7,60.8,94,75,9.22,broken clouds,0.0,0
107,Itiuba,BR,2021-04-11 09:18:25,-10.6917,-39.8536,68.88,92,93,5.5,overcast clouds,0.0,0
108,Lorengau,PG,2021-04-11 09:18:25,-2.0226,147.2712,81.95,81,100,14.38,overcast clouds,0.0,0
109,Sulangan,PH,2021-04-11 09:18:25,11.1373,123.7228,84.2,72,28,14.47,scattered clouds,0.0,0
110,Gat,IL,2021-04-11 09:18:26,31.61,34.7642,64.99,55,8,1.99,clear sky,0.0,0
111,Makakilo City,US,2021-04-11 09:18:26,21.3469,-158.0858,71.6,60,75,6.91,broken clouds,0.0,0
112,Laurel,US,2021-04-11 09:18:26,39.0993,-76.8483,59.0,100,90,5.75,overcast clouds,0.0,0
113,Beeville,US,2021-04-11 09:18:27,28.4008,-97.7483,64.4,42,1,9.22,clear sky,0.0,0
114,Hilo,US,2021-04-11 09:18:27,19.7297,-155.09,69.8,68,90,3.44,overcast clouds,0.0,0
115,Storslett,NO,2021-04-11 09:18:27,69.7678,21.0247,33.37,94,100,21.83,light snow,0.0,0
116,Naze,JP,2021-04-11 09:18:28,28.3667,129.4833,69.8,68,40,19.57,scattered clouds,0.0,0
117,Jackson,US,2021-04-11 09:15:32,42.4165,-122.8345,39.2,70,1,1.57,clear sky,0.0,0
118,Hualmay,PE,2021-04-11 09:18:28,-11.0964,-77.6139,68.18,89,89,6.29,overcast clouds,0.0,0
119,Pangnirtung,CA,2021-04-11 09:18:29,66.1451,-65.7125,23.09,59,100,6.2,overcast clouds,0.0,0
120,Tezu,IN,2021-04-11 09:18:29,27.9167,96.1667,94.3,18,41,5.26,scattered clouds,0.0,0
121,Akyab,MM,2021-04-11 09:18:29,20.15,92.9,85.28,66,44,17.58,scattered clouds,0.0,0
122,San Patricio,US,2021-04-11 09:18:30,28.017,-97.5169,66.2,67,20,10.36,few clouds,0.0,0
123,Port Lincoln,AU,2021-04-11 09:18:30,-34.7333,135.8667,59.43,60,70,10.02,broken clouds,0.0,0
124,Karla,EE,2021-04-11 09:18:30,59.3723,24.9275,46.4,49,0,9.22,clear sky,0.0,0
125,Rudnya,RU,2021-04-11 09:18:31,54.947,31.0934,53.6,43,0,8.95,clear sky,0.0,0
126,Kirishi,RU,2021-04-11 09:18:31,59.4471,32.0205,48.99,1,1,8.08,clear sky,0.0,0
127,Zhigansk,RU,2021-04-11 09:18:31,66.7697,123.3711,17.31,85,6,18.54,clear sky,0.0,0
128,Tikrit,IQ,2021-04-11 09:18:32,34.6071,43.6782,70.27,24,0,12.75,clear sky,0.0,0
129,Boguchany,RU,2021-04-11 09:18:32,58.3814,97.4531,36.77,72,100,9.1,overcast clouds,0.0,0
130,Vao,NC,2021-04-11 09:18:32,-22.6667,167.4833,76.39,84,84,11.74,broken clouds,0.0,0
131,Agadez,NE,2021-04-11 09:18:33,19.75,10.25,92.12,4,0,1.99,clear sky,0.0,0
132,Cherskiy,RU,2021-04-11 09:18:33,68.75,161.3,-16.55,99,59,4.09,broken clouds,0.0,0
133,Huittinen,FI,2021-04-11 09:18:33,61.1833,22.7,44.01,42,0,8.05,clear sky,0.0,0
134,Yamada,JP,2021-04-11 09:18:34,39.4667,141.95,44.74,53,5,4.32,clear sky,0.0,0
135,Nanakuli,US,2021-04-11 09:18:34,21.3906,-158.1547,71.6,60,75,6.91,broken clouds,0.0,0
136,Westport,US,2021-04-11 09:18:34,41.1415,-73.3579,54.0,100,90,1.66,fog,0.0,0
137,San Luis,AR,2021-04-11 09:18:35,-33.295,-66.3356,44.01,90,6,5.95,clear sky,0.0,0
138,Boa Vista,BR,2021-04-11 09:18:35,2.8197,-60.6733,73.4,88,90,13.8,heavy intensity rain,0.0,0
139,Faanui,PF,2021-04-11 09:18:35,-16.4833,-151.75,82.44,72,74,10.16,broken clouds,0.0,0
140,Bambous Virieux,MU,2021-04-11 09:18:36,-20.3428,57.7575,82.99,78,75,13.8,light rain,0.0,0
141,Camargo,MX,2021-04-11 09:18:36,27.6667,-105.1667,66.96,22,86,9.06,overcast clouds,0.0,0
142,Okhotsk,RU,2021-04-11 09:18:36,59.3833,143.3,20.98,93,100,18.9,snow,0.0,0
143,Peno,RU,2021-04-11 09:18:37,56.9262,32.7426,46.8,79,98,3.76,light rain,0.0,0
144,Samarai,PG,2021-04-11 09:18:37,-10.6167,150.6667,80.89,69,57,11.5,broken clouds,0.0,0
145,Bay Roberts,CA,2021-04-11 09:18:37,47.5999,-53.2648,34.0,93,90,2.3,light rain,0.0,0
146,Airai,TL,2021-04-11 09:18:38,-8.9266,125.4092,64.78,89,37,1.28,scattered clouds,0.0,0
147,Lagoa,PT,2021-04-11 09:18:38,39.05,-27.9833,60.87,93,100,10.0,overcast clouds,0.0,0
148,Muroto,JP,2021-04-11 09:18:38,33.2833,134.15,62.6,48,40,4.61,scattered clouds,0.0,0
149,Lahat,ID,2021-04-11 09:18:39,-3.8,103.5333,84.2,80,44,1.99,scattered clouds,0.0,0
150,Oliver,CA,2021-04-11 09:18:39,49.1831,-119.5524,33.8,51,11,2.26,few clouds,0.0,0
151,Tilichiki,RU,2021-04-11 09:18:39,60.4667,166.1,10.58,74,83,19.71,broken clouds,0.0,0
152,Polonnaruwa,LK,2021-04-11 09:18:40,7.9333,81.0,92.53,44,65,7.31,broken clouds,0.0,0
153,Port Elizabeth,ZA,2021-04-11 09:18:40,-33.918,25.5701,73.4,56,0,12.66,clear sky,0.0,0
154,Thap Than,TH,2021-04-11 09:18:40,15.4606,99.8917,95.0,56,94,2.71,overcast clouds,0.0,0
155,Clinton,US,2021-04-11 09:14:36,42.587,-82.9199,55.99,100,90,6.91,overcast clouds,0.0,0
156,Chihuahua,MX,2021-04-11 09:18:19,28.5,-106.0,61.88,27,99,3.29,overcast clouds,0.0,0
157,Robertsport,LR,2021-04-11 09:18:41,6.7533,-11.3686,81.46,81,100,7.0,overcast clouds,0.0,0
158,Polignano A Mare,IT,2021-04-11 09:18:41,40.9959,17.2159,63.0,88,40,20.71,scattered clouds,0.0,0
159,Havre-Saint-Pierre,CA,2021-04-11 09:18:42,50.2334,-63.5986,39.2,93,90,10.36,mist,0.0,0
160,Sao Filipe,CV,2021-04-11 09:18:42,14.8961,-24.4956,75.11,64,0,3.96,clear sky,0.0,0
161,Lubao,PH,2021-04-11 09:18:42,14.9167,120.55,93.2,40,40,11.5,scattered clouds,0.0,0
162,Coquimbo,CL,2021-04-11 09:18:43,-29.9533,-71.3436,53.6,82,0,2.3,clear sky,0.0,0
163,Esperance,AU,2021-04-11 09:18:43,-33.8667,121.9,66.2,59,90,10.36,light rain,0.0,0
164,Cape Town,ZA,2021-04-11 09:16:24,-33.9258,18.4232,71.01,73,20,18.41,few clouds,0.0,0
165,Puerto Del Rosario,ES,2021-04-11 09:18:43,28.5004,-13.8627,68.0,73,20,11.5,few clouds,0.0,0
166,Lapeer,US,2021-04-11 09:17:35,43.0514,-83.3188,53.6,100,90,3.44,overcast clouds,0.0,0
167,Hamilton,US,2021-04-11 09:18:44,39.1834,-84.5333,52.0,76,1,11.5,clear sky,0.0,0
168,Uige,AO,2021-04-11 09:18:39,-7.6087,15.0613,75.2,78,75,5.48,light rain,0.0,0
169,Castro,BR,2021-04-11 09:18:44,-24.7911,-50.0119,56.82,76,75,2.28,broken clouds,0.0,0
170,Chuy,UY,2021-04-11 09:18:45,-33.6971,-53.4616,69.87,93,100,13.4,heavy intensity rain,0.0,0
171,Bandarbeyla,SO,2021-04-11 09:18:45,9.4942,50.8122,84.63,56,12,10.89,few clouds,0.0,0
172,Arroyo,ES,2021-04-11 09:18:45,41.6096,-4.7969,46.99,87,90,16.11,overcast clouds,0.0,0
173,Mutsu,JP,2021-04-11 09:18:46,41.2894,141.2169,50.0,49,20,9.22,few clouds,0.0,0
174,Torbay,CA,2021-04-11 09:18:46,47.6666,-52.7314,35.01,100,90,4.61,moderate rain,0.0,0
175,Bassar,TG,2021-04-11 09:18:47,9.25,0.7833,84.2,48,0,6.91,clear sky,0.0,0
176,Guerrero Negro,MX,2021-04-11 09:18:47,27.9769,-114.0611,59.11,85,100,12.17,overcast clouds,0.0,0
177,Chimbote,PE,2021-04-11 09:18:47,-9.0853,-78.5783,67.46,92,72,4.45,broken clouds,0.0,0
178,Vila Franca Do Campo,PT,2021-04-11 09:18:48,37.7167,-25.4333,62.6,94,40,8.05,scattered clouds,0.0,0
179,Ahuimanu,US,2021-04-11 09:18:48,21.4447,-157.8378,71.6,56,1,6.91,clear sky,0.0,0
180,Tweed,CA,2021-04-11 09:18:48,44.4751,-77.3162,57.0,84,100,1.99,overcast clouds,0.0,0
181,Pasighat,IN,2021-04-11 09:18:49,28.0667,95.3333,85.64,42,36,3.94,scattered clouds,0.0,0
182,Bethel,US,2021-04-11 09:18:49,41.3712,-73.414,53.6,94,90,1.39,fog,0.0,0
183,Klaksvik,FO,2021-04-11 09:18:49,62.2266,-6.589,32.0,69,96,4.61,overcast clouds,0.0,0
184,Teya,RU,2021-04-11 09:18:50,60.3778,92.6267,35.06,99,100,10.65,light snow,0.0,0
185,Yar-Sale,RU,2021-04-11 09:18:50,66.8333,70.8333,33.04,94,80,18.63,broken clouds,0.0,0
186,Boras,SE,2021-04-11 09:18:50,57.721,12.9401,39.0,75,75,5.75,light rain,0.0,0
187,Severo-Kurilsk,RU,2021-04-11 09:18:51,50.6789,156.125,28.45,75,44,18.77,scattered clouds,0.0,0
188,Solnechnyy,RU,2021-04-11 09:18:51,50.7214,136.6319,42.03,84,96,3.22,overcast clouds,0.0,0
189,General Roca,AR,2021-04-11 09:18:51,-39.0333,-67.5833,53.6,54,0,11.5,clear sky,0.0,0
190,Khandyga,RU,2021-04-11 09:18:52,62.6667,135.6,19.62,93,100,10.29,light snow,0.0,0
191,Tuntum,BR,2021-04-11 09:18:52,-5.2581,-44.6489,70.66,97,73,1.12,broken clouds,0.0,0
192,Krasnoufimsk,RU,2021-04-11 09:18:52,56.6059,57.7669,50.79,78,100,11.3,overcast clouds,0.0,0
193,Cookeville,US,2021-04-11 09:18:53,36.1628,-85.5016,52.0,66,1,5.75,clear sky,0.0,0
194,Ojinaga,MX,2021-04-11 09:18:53,29.5667,-104.4167,68.0,18,1,8.05,clear sky,0.0,0
195,Lata,PT,2021-04-11 09:18:53,40.1629,-8.3327,57.99,97,56,1.99,broken clouds,0.0,0
196,Mountain Home,US,2021-04-11 09:15:52,43.133,-115.6912,32.0,51,1,20.71,clear sky,0.0,0
197,Broome,US,2021-04-11 09:18:54,42.2506,-75.833,55.0,82,1,6.91,clear sky,0.0,0
198,Kloulklubed,PW,2021-04-11 09:18:54,7.0419,134.2556,82.4,83,90,3.44,light rain,0.0,0
199,Namibe,AO,2021-04-11 09:18:55,-15.1961,12.1522,86.0,70,20,5.75,few clouds,0.0,0
200,Karratha,AU,2021-04-11 09:18:55,-20.7377,116.8463,85.84,67,87,13.76,overcast clouds,0.0,0
201,Kruisfontein,ZA,2021-04-11 09:18:55,-34.0033,24.7314,78.01,57,95,5.99,overcast clouds,0.0,0
202,Santona,ES,2021-04-11 09:18:56,43.4439,-3.4576,53.01,93,75,4.61,broken clouds,0.0,0
203,Srednekolymsk,RU,2021-04-11 09:18:56,67.45,153.6833,-11.9,97,56,4.76,broken clouds,0.0,0
204,Inuvik,CA,2021-04-11 09:14:26,68.3499,-133.7218,-9.4,64,10,5.75,clear sky,0.0,0
205,Milove,UA,2021-04-11 09:18:57,49.3787,40.1302,54.25,52,98,18.66,light rain,0.0,0
206,Jinchang,CN,2021-04-11 09:18:57,38.4953,102.1739,56.53,36,100,18.23,overcast clouds,0.0,0
207,Touros,BR,2021-04-11 09:18:57,-5.1989,-35.4608,73.4,100,20,4.61,few clouds,0.0,0
208,Ardesen,TR,2021-04-11 09:18:58,41.1911,40.9875,48.2,81,75,9.22,broken clouds,0.0,0
209,Autazes,BR,2021-04-11 09:18:58,-3.5797,-59.1306,71.85,98,100,2.19,overcast clouds,0.0,0
210,Tyukalinsk,RU,2021-04-11 09:18:58,55.8732,72.1967,34.02,99,97,9.15,overcast clouds,0.0,0
211,Ust-Tsilma,RU,2021-04-11 09:18:59,65.441,52.1498,37.85,92,98,14.14,overcast clouds,0.0,0
212,Victoria,HK,2021-04-11 09:18:21,22.2855,114.1577,82.4,47,20,10.36,few clouds,0.0,0
213,Nome,US,2021-04-11 09:18:59,64.5011,-165.4064,15.8,73,90,23.02,haze,0.0,0
214,Chokurdakh,RU,2021-04-11 09:18:59,70.6333,147.9167,-16.64,97,8,3.44,clear sky,0.0,0
215,Sao Joao Da Barra,BR,2021-04-11 09:19:00,-21.6403,-41.0511,67.89,82,0,6.11,clear sky,0.0,0
216,Fukumitsu,JP,2021-04-11 09:19:00,36.55,136.8667,55.0,61,2,4.0,clear sky,0.0,0
217,Talnakh,RU,2021-04-11 09:19:00,69.4865,88.3972,30.47,88,79,8.77,broken clouds,0.0,0
218,Santa Maria,BR,2021-04-11 09:19:01,-29.6842,-53.8069,73.83,50,18,7.56,few clouds,0.0,0
219,Chicama,PE,2021-04-11 09:19:01,-7.8447,-79.1469,70.21,84,98,4.12,overcast clouds,0.0,0
220,Saint-Pierre,RE,2021-04-11 09:19:02,-21.3393,55.4781,84.2,70,75,8.05,light rain,0.0,0
221,Aksarka,RU,2021-04-11 09:19:02,66.5606,67.7975,32.68,96,92,14.7,overcast clouds,0.0,0
222,Ivanivka,UA,2021-04-11 09:19:02,46.7208,34.553,57.07,40,54,18.37,broken clouds,0.0,0
223,Provideniya,RU,2021-04-11 09:19:03,64.3833,-173.3,2.93,87,100,24.09,overcast clouds,0.0,0
224,Chum Phae,TH,2021-04-11 09:19:03,16.5443,102.0992,95.61,32,94,3.33,overcast clouds,0.0,0
225,Indramayu,ID,2021-04-11 09:19:03,-6.3264,108.32,84.43,69,30,9.06,scattered clouds,0.0,0
226,Rabo De Peixe,PT,2021-04-11 09:19:04,37.8,-25.5833,62.6,94,40,8.05,scattered clouds,0.0,0
227,Rajpipla,IN,2021-04-11 09:19:04,21.8667,73.5,104.0,21,5,6.91,clear sky,0.0,0
228,Tulun,RU,2021-04-11 09:19:04,54.5611,100.5792,33.58,53,38,5.26,scattered clouds,0.0,0
229,San Fernando,PH,2021-04-11 09:19:05,15.0286,120.6898,93.2,40,40,11.5,scattered clouds,0.0,0
230,Acapulco,MX,2021-04-11 09:19:05,16.8634,-99.8901,74.79,74,0,6.71,clear sky,0.0,0
231,Haines Junction,CA,2021-04-11 09:19:05,60.7522,-137.5108,-13.0,64,74,2.44,broken clouds,0.0,0
232,Tura,IN,2021-04-11 09:19:06,25.5198,90.2201,96.31,18,39,7.14,scattered clouds,0.0,0
233,Isangel,VU,2021-04-11 09:19:06,-19.55,169.2667,79.77,89,99,11.36,overcast clouds,0.0,0
234,Cayenne,GF,2021-04-11 09:19:06,4.9333,-52.3333,73.4,100,90,5.53,overcast clouds,0.0,0
235,Navrongo,GH,2021-04-11 09:19:07,10.8956,-1.0921,92.08,41,89,8.88,overcast clouds,0.0,0
236,Marystown,CA,2021-04-11 09:19:07,47.1666,-55.1483,34.16,92,97,8.52,overcast clouds,0.0,0
237,Komsomolskiy,UZ,2021-04-11 09:19:07,40.4272,71.7189,75.2,20,0,4.61,clear sky,0.0,0
238,Pedro Juan Caballero,PY,2021-04-11 09:19:08,-22.5472,-55.7333,68.68,69,1,3.62,clear sky,0.0,0
239,Kudahuvadhoo,MV,2021-04-11 09:19:08,2.6708,72.8944,83.57,71,60,8.61,broken clouds,0.0,0
240,Alice Springs,AU,2021-04-11 09:19:08,-23.7,133.8833,69.8,35,25,8.05,scattered clouds,0.0,0
241,Ponta Do Sol,PT,2021-04-11 09:19:09,32.6667,-17.1,66.2,82,20,9.22,few clouds,0.0,0
242,Yulara,AU,2021-04-11 09:19:09,-25.2406,130.9889,75.2,29,0,14.97,clear sky,0.0,0
243,Beringovskiy,RU,2021-04-11 09:19:09,63.05,179.3167,3.87,93,100,22.79,light snow,0.0,0
244,Chumikan,RU,2021-04-11 09:19:10,54.7183,135.315,31.5,55,2,20.98,clear sky,0.0,0
245,Skjervoy,NO,2021-04-11 09:19:10,70.0311,20.9714,35.8,75,100,33.93,light rain,0.0,0
246,Itarema,BR,2021-04-11 09:19:10,-2.9248,-39.9167,74.82,90,56,9.15,broken clouds,0.0,0
247,Saint Anthony,US,2021-04-11 09:19:11,45.0205,-93.218,45.0,70,90,6.91,overcast clouds,0.0,0
248,Chernyakhovsk,RU,2021-04-11 09:19:11,54.6335,21.8156,50.32,80,100,8.25,overcast clouds,0.0,0
249,Quatre Cocos,MU,2021-04-11 09:19:11,-20.2078,57.7625,82.99,78,75,13.8,light rain,0.0,0
250,Iqaluit,CA,2021-04-11 09:19:12,63.7506,-68.5145,21.2,86,90,24.16,snow,0.0,0
251,Aksay,RU,2021-04-11 09:19:12,47.26,39.87,48.2,76,90,13.42,overcast clouds,0.0,0
252,Lasa,IT,2021-04-11 09:19:12,46.6166,10.7002,48.99,100,90,5.75,fog,0.0,0
253,Storforshei,NO,2021-04-11 09:19:13,66.4043,14.5233,37.0,91,100,1.01,overcast clouds,0.0,0
254,Fasa,IR,2021-04-11 09:19:13,28.9383,53.6482,84.2,14,46,16.11,scattered clouds,0.0,0
255,Sitka,US,2021-04-11 09:19:13,57.0531,-135.33,30.2,86,75,6.91,broken clouds,0.0,0
256,Ketchikan,US,2021-04-11 09:15:30,55.3422,-131.6461,33.8,86,90,3.44,overcast clouds,0.0,0
257,Luena,AO,2021-04-11 09:19:14,-11.7833,19.9167,73.0,59,93,9.1,overcast clouds,0.0,0
258,Abha,SA,2021-04-11 09:19:14,18.2164,42.5053,77.0,25,0,13.8,clear sky,0.0,0
259,Zyryanka,RU,2021-04-11 09:19:15,65.75,150.85,-6.14,93,99,4.52,overcast clouds,0.0,0
260,Mazagao,BR,2021-04-11 09:19:15,-0.115,-51.2894,75.2,100,90,3.44,mist,0.0,0
261,Sorochinsk,RU,2021-04-11 09:19:15,52.4338,53.1583,61.27,49,58,16.15,broken clouds,0.0,0
262,Nuuk,GL,2021-04-11 09:19:16,64.1835,-51.7216,28.4,100,75,14.97,broken clouds,0.0,0
263,Altay,CN,2021-04-11 09:19:16,47.8667,88.1167,50.47,25,3,10.29,clear sky,0.0,0
264,Faya,SA,2021-04-11 09:19:16,18.3851,42.4509,77.0,25,0,13.8,clear sky,0.0,0
265,Mount Darwin,ZW,2021-04-11 09:19:17,-16.7725,31.5838,77.67,43,10,8.61,clear sky,0.0,0
266,Bathsheba,BB,2021-04-11 09:19:17,13.2167,-59.5167,77.0,73,75,14.97,light rain,0.0,0
267,Cidreira,BR,2021-04-11 09:19:17,-30.1811,-50.2056,72.84,74,48,6.55,scattered clouds,0.0,0
268,Iskateley,RU,2021-04-11 09:19:17,67.6803,53.1512,35.13,97,100,23.98,snow,0.0,0
269,Sungairaya,ID,2021-04-11 09:19:18,0.7,108.9,84.25,70,97,6.67,overcast clouds,0.0,0
270,Port Hedland,AU,2021-04-11 09:19:18,-20.3167,118.5667,87.8,66,47,13.8,scattered clouds,0.0,0
271,Lillooet,CA,2021-04-11 09:19:18,50.6856,-121.942,33.8,75,90,2.3,overcast clouds,0.0,0
272,Shelopugino,RU,2021-04-11 09:19:19,51.6514,117.5599,31.37,25,100,9.46,overcast clouds,0.0,0
273,Griffith,US,2021-04-11 09:19:19,41.5284,-87.4237,46.4,93,90,5.75,overcast clouds,0.0,0
274,Tarauaca,BR,2021-04-11 09:19:19,-8.1614,-70.7656,70.77,99,83,0.36,broken clouds,0.0,0
275,Los Llanos De Aridane,ES,2021-04-11 09:19:20,28.6585,-17.9182,68.0,73,20,2.3,few clouds,0.0,0
276,Nipawin,CA,2021-04-11 09:19:20,53.3668,-104.0009,33.8,80,90,18.41,light snow,0.0,0
277,Inverness,GB,2021-04-11 09:19:20,57.4791,-4.224,39.99,75,70,10.36,broken clouds,0.0,0
278,Walla Walla,US,2021-04-11 09:19:21,46.0646,-118.343,32.0,55,1,8.05,clear sky,0.0,0
279,Tadine,NC,2021-04-11 09:19:21,-21.55,167.8833,77.59,89,100,6.82,overcast clouds,0.0,0
280,Mykolayivka,UA,2021-04-11 09:19:21,47.5414,30.7561,55.96,33,0,8.79,clear sky,0.0,0
281,Laguna,US,2021-04-11 09:19:22,38.421,-121.4238,52.0,66,1,3.13,clear sky,0.0,0
282,Omboue,GA,2021-04-11 09:19:22,-1.5746,9.2618,82.85,71,99,11.61,light rain,0.0,0
283,Taiobeiras,BR,2021-04-11 09:15:04,-15.8078,-42.2331,56.75,96,9,1.43,clear sky,0.0,0
284,Bengkulu,ID,2021-04-11 09:19:22,-3.8004,102.2655,83.41,74,80,7.2,light rain,0.0,0
285,Hofn,IS,2021-04-11 09:19:23,64.2539,-15.2082,34.36,56,100,4.81,overcast clouds,0.0,0
286,Deputatskiy,RU,2021-04-11 09:19:23,69.3,139.9,-12.14,98,6,1.95,clear sky,0.0,0
287,Cabo San Lucas,MX,2021-04-11 09:19:23,22.8909,-109.9124,71.01,35,100,13.96,overcast clouds,0.0,0
288,Exmouth,GB,2021-04-11 09:19:24,50.6172,-3.4023,43.0,73,58,9.53,broken clouds,0.0,0
289,San Mateo Del Mar,MX,2021-04-11 09:19:24,16.2,-95.0,80.44,74,0,13.33,clear sky,0.0,0
290,Pundaguitan,PH,2021-04-11 09:19:24,6.3711,126.1689,83.3,72,67,8.1,broken clouds,0.0,0
291,Saskylakh,RU,2021-04-11 09:19:25,71.9167,114.0833,19.63,77,100,11.52,overcast clouds,0.0,0
292,Petropavlovsk-Kamchatskiy,RU,2021-04-11 09:19:25,53.0452,158.6483,32.0,69,30,6.71,scattered clouds,0.0,0
293,Hengyang,CN,2021-04-11 09:19:25,26.8881,112.615,65.39,82,92,6.87,overcast clouds,0.0,0
294,Srandakan,ID,2021-04-11 09:19:26,-7.9386,110.2506,84.34,71,47,5.84,scattered clouds,0.0,0
295,Tambura,SS,2021-04-11 09:19:26,5.6,27.4667,91.99,36,92,5.1,overcast clouds,0.0,0
296,Kavieng,PG,2021-04-11 09:19:26,-2.5744,150.7967,81.28,80,100,11.63,light rain,0.0,0
297,Luderitz,NA,2021-04-11 09:19:27,-26.6481,15.1594,87.15,37,0,6.29,clear sky,0.0,0
298,Hirara,JP,2021-04-11 09:19:27,24.8,125.2833,73.4,83,40,17.27,scattered clouds,0.0,0
299,Flin Flon,CA,2021-04-11 09:19:27,54.7682,-101.865,29.5,96,100,10.07,snow,0.0,0
300,Luba,GQ,2021-04-11 09:19:28,3.4568,8.5547,86.0,62,20,3.44,moderate rain,0.0,0
301,Tiznit,MA,2021-04-11 09:18:05,29.5833,-9.5,60.42,69,45,3.62,scattered clouds,0.0,0
302,Northam,GB,2021-04-11 09:19:28,51.0333,-4.2167,46.0,73,21,4.0,few clouds,0.0,0
303,Marsaxlokk,MT,2021-04-11 09:19:28,35.8419,14.5431,63.0,67,75,19.57,broken clouds,0.0,0
304,Cairns,AU,2021-04-11 09:19:29,-16.9167,145.7667,80.6,83,40,2.3,scattered clouds,0.0,0
305,Santa Rosa,PH,2021-04-11 09:19:29,14.3122,121.1114,89.6,40,20,10.36,few clouds,0.0,0
306,Oranjemund,NA,2021-04-11 09:19:29,-28.55,16.4333,73.78,55,2,7.85,clear sky,0.0,0
307,Candelaria,PH,2021-04-11 09:19:30,13.9311,121.4233,84.99,66,74,10.0,broken clouds,0.0,0
308,Macklin,CA,2021-04-11 09:19:30,52.3334,-109.9348,28.4,100,28,8.05,scattered clouds,0.0,0
309,Saint George,US,2021-04-11 09:19:30,37.1041,-113.5841,59.0,15,1,5.75,clear sky,0.0,0
310,Guilin,CN,2021-04-11 09:19:00,25.2819,110.2864,62.6,94,90,3.06,overcast clouds,0.0,0
311,Fillmore,US,2021-04-11 09:19:31,43.6666,-92.1002,43.0,81,90,16.11,overcast clouds,0.0,0
312,Nikolskoye,RU,2021-04-11 09:19:31,59.7035,30.7861,48.99,40,0,13.42,clear sky,0.0,0
313,Fortuna,US,2021-04-11 09:19:31,40.5982,-124.1573,42.01,93,90,5.75,overcast clouds,0.0,0
314,Znin,PL,2021-04-11 09:19:32,52.8496,17.7199,60.01,51,0,11.5,clear sky,0.0,0
315,Caravelas,BR,2021-04-11 09:19:32,-17.7125,-39.2481,72.09,87,100,2.8,overcast clouds,0.0,0
316,Skole,UA,2021-04-11 09:19:32,49.0372,23.5135,61.0,37,58,5.08,broken clouds,0.0,0
317,Grand Gaube,MU,2021-04-11 09:19:33,-20.0064,57.6608,82.99,74,100,8.99,overcast clouds,0.0,0
318,Mogadishu,SO,2021-04-11 09:19:33,2.0371,45.3438,87.8,58,40,12.66,scattered clouds,0.0,0
319,Itaituba,BR,2021-04-11 09:19:33,-4.2761,-55.9836,71.67,99,71,0.98,broken clouds,0.0,0
320,Roald,NO,2021-04-11 09:19:34,62.5833,6.1333,35.01,100,75,9.22,broken clouds,0.0,0
321,Kavaratti,IN,2021-04-11 09:19:34,10.5669,72.642,83.82,66,13,4.21,few clouds,0.0,0
322,Baruun-Urt,MN,2021-04-11 09:19:34,46.6806,113.2792,52.36,40,50,19.8,scattered clouds,0.0,0
323,Conde,BR,2021-04-11 09:19:35,-7.2597,-34.9075,73.4,100,75,3.44,broken clouds,0.0,0
324,Bend,US,2021-04-11 09:16:07,44.0582,-121.3153,33.8,64,90,3.76,overcast clouds,0.0,0
325,Tanta,EG,2021-04-11 09:19:35,30.7885,31.0019,70.09,28,2,13.8,clear sky,0.0,0
326,Sibolga,ID,2021-04-11 09:17:18,1.7427,98.7792,81.63,80,100,1.7,overcast clouds,0.0,0
327,Thompson,CA,2021-04-11 09:19:36,55.7435,-97.8558,24.8,80,90,13.8,overcast clouds,0.0,0
328,Zhigalovo,RU,2021-04-11 09:19:36,54.8097,105.1578,32.4,40,98,9.01,overcast clouds,0.0,0
329,Antofagasta,CL,2021-04-11 09:19:36,-23.65,-70.4,60.8,77,90,1.14,overcast clouds,0.0,0
330,Pulawy,PL,2021-04-11 09:19:37,51.4166,21.9694,64.99,41,80,17.65,broken clouds,0.0,0
331,Ulaangom,MN,2021-04-11 09:19:37,49.9811,92.0667,44.15,22,0,6.67,clear sky,0.0,0
332,Oistins,BB,2021-04-11 09:16:33,13.0667,-59.5333,77.0,73,75,14.97,broken clouds,0.0,0
333,Temir,KZ,2021-04-11 09:19:38,49.1414,57.13,62.83,45,2,13.82,clear sky,0.0,0
334,Kampong Thum,KH,2021-04-11 09:19:38,12.7111,104.8887,94.84,38,100,6.06,overcast clouds,0.0,0
335,East London,ZA,2021-04-11 09:19:38,-33.0153,27.9116,75.2,78,40,1.14,scattered clouds,0.0,0
336,Ust-Nera,RU,2021-04-11 09:19:39,64.5667,143.2,3.47,87,94,7.38,overcast clouds,0.0,0
337,Lakatoro,VU,2021-04-11 09:19:39,-16.0999,167.4164,77.32,89,100,7.7,overcast clouds,0.0,0
338,Eniwa,JP,2021-04-11 09:19:39,42.8779,141.5442,52.0,50,0,9.22,clear sky,0.0,0
339,Longyearbyen,SJ,2021-04-11 09:19:40,78.2186,15.6401,19.4,63,75,23.02,broken clouds,0.0,0
340,Pochutla,MX,2021-04-11 09:19:40,15.7432,-96.4661,75.0,85,25,4.27,scattered clouds,0.0,0
341,Conceicao Da Barra,BR,2021-04-11 09:19:40,-18.5933,-39.7322,67.19,96,22,4.74,few clouds,0.0,0
342,Posse,BR,2021-04-11 09:19:41,-14.0931,-46.3694,65.28,66,54,5.35,broken clouds,0.0,0
343,Sisimiut,GL,2021-04-11 09:19:41,66.9395,-53.6735,26.02,77,98,13.27,overcast clouds,0.0,0
344,Alofi,NU,2021-04-11 09:19:42,-19.0595,-169.9187,75.2,94,8,1.14,light rain,0.0,0
345,Nargana,PA,2021-04-11 09:19:42,9.4428,-78.5906,78.22,84,33,3.2,scattered clouds,0.0,0
346,Weinan,CN,2021-04-11 09:19:42,34.5036,109.5089,66.99,52,100,6.71,dust,0.0,0
347,Uruacu,BR,2021-04-11 09:17:57,-14.5247,-49.1408,65.53,86,0,4.03,clear sky,0.0,0
348,Dire,ML,2021-04-11 09:19:43,12.2833,-10.9667,89.15,35,1,6.08,clear sky,0.0,0
349,Tobol,KZ,2021-04-11 09:19:43,52.6844,62.5794,38.79,87,25,4.63,scattered clouds,0.0,0
350,Palmer,US,2021-04-11 09:19:43,42.1584,-72.3287,53.01,100,75,2.59,broken clouds,0.0,0
351,Lithgow,AU,2021-04-11 09:19:44,-33.4833,150.15,42.01,100,3,1.01,clear sky,0.0,0
352,Tzaneen,ZA,2021-04-11 09:19:44,-23.8332,30.1635,77.0,27,0,9.22,clear sky,0.0,0
353,Praia,CV,2021-04-11 09:19:44,14.9215,-23.5087,77.0,41,0,16.11,clear sky,0.0,0
354,Te Anau,NZ,2021-04-11 09:19:45,-45.4167,167.7167,50.25,90,9,1.79,clear sky,0.0,0
355,Comodoro Rivadavia,AR,2021-04-11 09:19:45,-45.8667,-67.5,59.0,51,0,20.71,clear sky,0.0,0
356,Mattru,SL,2021-04-11 09:19:45,7.6244,-11.8332,84.13,69,100,4.27,overcast clouds,0.0,0
357,Tyrma,RU,2021-04-11 09:19:46,50.0833,132.1667,43.9,39,61,8.61,broken clouds,0.0,0
358,Vardo,NO,2021-04-11 09:19:46,70.3705,31.1107,32.0,74,75,14.97,broken clouds,0.0,0
359,Ossora,RU,2021-04-11 09:19:46,59.2353,163.0719,11.28,75,4,14.0,clear sky,0.0,0
360,Khipro,PK,2021-04-11 09:19:47,25.8285,69.3772,104.67,5,0,2.53,clear sky,0.0,0
361,Abbeville,FR,2021-04-11 09:18:01,50.1,1.8333,44.01,77,100,12.84,overcast clouds,0.0,0
362,Beyneu,KZ,2021-04-11 09:19:47,45.3167,55.2,73.4,18,6,22.44,clear sky,0.0,0
363,Berlevag,NO,2021-04-11 09:19:48,70.8578,29.0864,34.54,87,99,17.74,overcast clouds,0.0,0
364,Vung Tau,VN,2021-04-11 09:19:48,10.346,107.0843,83.93,73,90,19.82,overcast clouds,0.0,0
365,Suoyarvi,RU,2021-04-11 09:19:48,62.0833,32.35,39.16,77,36,11.56,scattered clouds,0.0,0
366,Bilma,NE,2021-04-11 09:19:49,18.6853,12.9164,95.79,6,0,21.79,clear sky,0.0,0
367,Vila Velha,BR,2021-04-11 09:19:49,-20.3297,-40.2925,70.0,82,0,4.61,clear sky,0.0,0
368,Mirnyy,RU,2021-04-11 09:19:49,62.5353,113.9611,19.08,72,54,9.01,broken clouds,0.0,0
369,Pahrump,US,2021-04-11 09:19:49,36.2083,-115.9839,66.99,15,1,3.44,clear sky,0.0,0
370,Magadan,RU,2021-04-11 09:16:10,59.5667,150.8,15.26,72,100,11.83,overcast clouds,0.0,0
371,Manowa,SL,2021-04-11 09:19:50,8.1667,-10.75,81.75,74,70,3.29,broken clouds,0.0,0
372,Oum Hadjer,TD,2021-04-11 09:19:50,13.2954,19.6966,97.61,6,6,17.96,clear sky,0.0,0
373,Barcelos,PT,2021-04-11 09:19:51,41.5388,-8.6151,59.0,72,20,9.22,few clouds,0.0,0
374,Ucluelet,CA,2021-04-11 09:15:10,48.9329,-125.5528,34.0,87,7,3.65,clear sky,0.0,0
375,Brookings,US,2021-04-11 09:19:14,44.3114,-96.7984,30.2,86,1,4.68,clear sky,0.0,0
376,Montlucon,FR,2021-04-11 09:19:51,46.3333,2.6,51.01,94,100,4.0,overcast clouds,0.0,0
377,Sayansk,RU,2021-04-11 09:19:52,54.1088,102.1648,30.29,54,54,7.65,broken clouds,0.0,0
378,Axim,GH,2021-04-11 09:15:01,4.8699,-2.2405,84.58,72,81,10.78,broken clouds,0.0,0
379,Juba,SS,2021-04-11 09:19:52,4.8517,31.5825,91.74,39,100,7.76,overcast clouds,0.0,0
380,Buala,SB,2021-04-11 09:19:52,-8.145,159.5921,80.51,78,91,4.07,overcast clouds,0.0,0
381,Nan,TH,2021-04-11 09:19:53,18.8333,100.6667,93.2,52,20,4.61,few clouds,0.0,0
382,Weihai,CN,2021-04-11 09:19:53,37.5017,122.1136,54.34,58,100,12.46,overcast clouds,0.0,0
383,Adrar,MR,2021-04-11 09:19:53,20.5022,-10.0711,77.58,20,0,18.32,clear sky,0.0,0
384,Halifax,CA,2021-04-11 09:19:54,44.6453,-63.5724,28.0,80,70,1.99,broken clouds,0.0,0
385,Jodhpur,IN,2021-04-11 09:15:10,26.2867,73.03,101.03,4,0,1.59,clear sky,0.0,0
386,Nambucca Heads,AU,2021-04-11 09:19:54,-30.65,153.0,69.8,56,0,10.36,clear sky,0.0,0
387,Tabory,RU,2021-04-11 09:19:54,58.5198,64.5495,51.78,67,100,11.77,overcast clouds,0.0,0
388,Katsuura,JP,2021-04-11 09:19:55,35.1333,140.3,60.01,54,40,8.05,scattered clouds,0.0,0
389,Barreirinha,BR,2021-04-11 09:19:55,-2.7933,-57.07,72.16,98,98,2.04,overcast clouds,0.0,0
390,Maragheh,IR,2021-04-11 09:19:55,37.3917,46.2398,62.6,59,75,11.5,broken clouds,0.0,0
391,Raymond,US,2021-04-11 09:19:56,43.9015,-70.4703,41.0,92,100,3.51,overcast clouds,0.0,0
392,Aksu,CN,2021-04-11 09:19:56,41.1231,80.2644,68.76,16,2,5.37,clear sky,0.0,0
393,Oussouye,SN,2021-04-11 09:19:57,12.485,-16.5469,71.6,88,0,4.61,clear sky,0.0,0
394,Saint-Augustin,CA,2021-04-11 09:19:57,51.226,-58.6502,41.38,97,100,23.98,overcast clouds,0.0,0
395,The Valley,AI,2021-04-11 09:17:54,18.217,-63.0578,75.99,64,20,10.36,few clouds,0.0,0
396,Bell Ville,AR,2021-04-11 09:19:57,-32.6259,-62.6887,55.99,95,19,5.99,few clouds,0.0,0
397,Ambilobe,MG,2021-04-11 09:19:58,-13.2,49.05,89.64,52,46,3.78,scattered clouds,0.0,0
398,Tyup,KG,2021-04-11 09:19:58,42.7276,78.3648,54.48,34,9,5.08,clear sky,0.0,0
399,Baykit,RU,2021-04-11 09:19:58,61.67,96.37,34.86,98,100,5.93,snow,0.0,0
400,Parit Raja,MY,2021-04-11 09:19:59,1.8681,103.1124,89.6,66,20,10.36,light rain,0.0,0
401,Chernyshevskiy,RU,2021-04-11 09:19:59,63.0128,112.4714,20.43,70,4,7.43,clear sky,0.0,0
402,Arkhara,RU,2021-04-11 09:19:59,49.4212,130.0842,48.11,30,93,10.22,overcast clouds,0.0,0
403,Santa Lucia,ES,2021-04-11 09:20:00,27.9117,-15.5407,68.0,68,40,11.5,scattered clouds,0.0,0
404,Jining,CN,2021-04-11 09:20:00,35.405,116.5814,64.99,1,100,8.9,overcast clouds,0.0,0
405,Kerema,PG,2021-04-11 09:20:00,-7.9631,145.7785,77.63,80,100,5.1,overcast clouds,0.0,0
406,Dhidhdhoo,MV,2021-04-11 09:20:01,6.8833,73.1,83.77,68,8,4.94,clear sky,0.0,0
407,San Francisco De Macoris,DO,2021-04-11 09:20:01,19.2952,-70.2554,68.0,100,75,2.46,broken clouds,0.0,0
408,Betul,IN,2021-04-11 09:20:01,21.9153,77.8961,93.34,18,72,6.44,broken clouds,0.0,0
409,Sechura,PE,2021-04-11 09:20:02,-5.5569,-80.8222,71.53,78,99,10.31,overcast clouds,0.0,0
410,Erenhot,CN,2021-04-11 09:20:02,43.6475,111.9767,68.36,16,99,18.61,overcast clouds,0.0,0
411,Roma,US,2021-04-11 09:17:06,43.2128,-75.4557,57.99,76,1,4.61,clear sky,0.0,0
412,Bowen,AU,2021-04-11 09:20:03,-20.0167,148.2333,78.8,89,40,10.36,scattered clouds,0.0,0
413,Margate,GB,2021-04-11 09:20:03,51.3813,1.3862,44.01,58,29,7.0,scattered clouds,0.0,0
414,Hohhot,CN,2021-04-11 09:20:04,40.8106,111.6522,51.8,71,20,4.47,few clouds,0.0,0
415,Abay,KZ,2021-04-11 09:20:04,49.6311,72.8539,55.4,28,0,24.61,clear sky,0.0,0
416,Tessalit,ML,2021-04-11 09:20:04,20.1986,1.0114,94.42,9,52,7.23,broken clouds,0.0,0
417,Coihaique,CL,2021-04-11 09:20:05,-45.5752,-72.0662,45.84,98,100,6.24,overcast clouds,0.0,0
418,Thinadhoo,MV,2021-04-11 09:20:05,0.5333,72.9333,83.82,68,42,10.78,scattered clouds,0.0,0
419,Inta,RU,2021-04-11 09:20:05,66.0317,60.1659,41.38,76,62,21.05,broken clouds,0.0,0
420,Camacha,PT,2021-04-11 09:20:06,33.0833,-16.3333,68.0,77,20,6.91,few clouds,0.0,0
421,Juneau,US,2021-04-11 09:20:06,58.3019,-134.4197,26.6,74,90,3.44,light snow,0.0,0
422,Exu,BR,2021-04-11 09:20:06,-7.5119,-39.7242,75.2,83,20,2.3,few clouds,0.0,0
423,Monticello,US,2021-04-11 09:20:07,45.3055,-93.7941,44.6,70,90,10.94,overcast clouds,0.0,0
424,San Ramon,US,2021-04-11 09:18:57,37.7799,-121.978,48.99,81,1,4.23,clear sky,0.0,0
425,Hobyo,SO,2021-04-11 09:20:07,5.3505,48.5268,86.85,51,87,14.18,overcast clouds,0.0,0
426,Meaford,CA,2021-04-11 09:17:04,44.6001,-80.583,59.0,58,100,3.44,overcast clouds,0.0,0
427,Nicoya,CR,2021-04-11 09:20:08,10.1483,-85.452,75.72,90,42,1.88,scattered clouds,0.0,0
428,Strezhevoy,RU,2021-04-11 09:20:08,60.7333,77.5889,37.4,93,100,11.18,light rain,0.0,0
429,Mattawa,US,2021-04-11 09:20:08,46.7379,-119.9028,32.0,57,0,11.01,clear sky,0.0,0
430,La Rioja,ES,2021-04-11 09:20:09,42.25,-2.5,50.0,87,90,9.22,overcast clouds,0.0,0
431,Karacabey,TR,2021-04-11 09:20:09,40.2152,28.4038,50.0,62,0,9.22,clear sky,0.0,0
432,Homer,US,2021-04-11 09:20:09,59.6425,-151.5483,28.4,59,90,10.36,overcast clouds,0.0,0
433,Dongsheng,CN,2021-04-11 09:20:10,39.8161,109.9776,49.87,64,99,13.18,overcast clouds,0.0,0
434,Lakes Entrance,AU,2021-04-11 09:20:10,-37.8811,147.981,50.0,79,85,1.99,light rain,0.0,0
435,Agaro,ET,2021-04-11 09:20:10,7.85,36.65,88.11,22,69,2.46,broken clouds,0.0,0
436,Bonavista,CA,2021-04-11 09:20:11,48.6499,-53.1147,35.01,100,100,4.61,moderate rain,0.0,0
437,Tanuku,IN,2021-04-11 09:20:11,16.75,81.7,96.8,44,3,11.5,clear sky,0.0,0
438,Tazmalt,DZ,2021-04-11 09:20:11,36.3868,4.3989,71.08,36,98,3.58,overcast clouds,0.0,0
439,Segezha,RU,2021-04-11 09:19:21,63.7415,34.3222,36.03,70,80,17.13,broken clouds,0.0,0
440,Saldanha,ZA,2021-04-11 09:20:12,-33.0117,17.9442,75.2,50,100,11.72,overcast clouds,0.0,0
441,Chizhou,CN,2021-04-11 09:20:12,30.6578,117.4831,56.5,92,100,2.68,light rain,0.0,0
442,Noumea,NC,2021-04-11 09:20:12,-22.2763,166.4572,80.01,100,90,4.61,overcast clouds,0.0,0
443,Merrill,US,2021-04-11 09:20:13,45.1805,-89.6835,45.0,100,90,10.36,light rain,0.0,0
444,Le Port,RE,2021-04-11 09:20:13,-20.9373,55.2919,86.0,62,0,18.41,light rain,0.0,0
445,Zaria,NG,2021-04-11 09:20:13,11.1113,7.7227,90.81,30,59,9.17,broken clouds,0.0,0
446,Dingle,PH,2021-04-11 09:20:14,10.9995,122.6711,84.56,66,77,10.25,broken clouds,0.0,0
447,Basco,PH,2021-04-11 09:20:14,20.4487,121.9702,77.22,75,80,19.75,broken clouds,0.0,0
448,Chuncheng,CN,2021-04-11 09:20:14,22.1731,111.7886,86.0,55,37,8.14,scattered clouds,0.0,0
449,Kavos,GR,2021-04-11 09:20:15,38.8268,22.8322,63.0,50,1,1.01,clear sky,0.0,0
450,Inhambane,MZ,2021-04-11 09:20:15,-23.865,35.3833,84.2,65,20,6.91,few clouds,0.0,0
451,Chunoyar,RU,2021-04-11 09:20:15,57.4467,97.3217,36.14,63,100,6.93,overcast clouds,0.0,0
452,Akureyri,IS,2021-04-11 09:20:16,65.6835,-18.0878,35.6,69,20,6.91,few clouds,0.0,0
453,Tevriz,RU,2021-04-11 09:20:16,57.509,72.4042,45.39,69,93,10.22,overcast clouds,0.0,0
454,Zhangye,CN,2021-04-11 09:20:16,38.9342,100.4517,49.64,60,100,12.53,light rain,0.0,0
455,Palencia,ES,2021-04-11 09:20:17,42.4167,-4.5,46.0,86,100,5.99,light rain,0.0,0
456,Mizdah,LY,2021-04-11 09:20:17,31.4451,12.9801,65.7,28,72,19.48,broken clouds,0.0,0
457,Yenagoa,NG,2021-04-11 09:19:07,4.9247,6.2642,82.85,67,100,6.42,overcast clouds,0.0,0
458,Shimoda,JP,2021-04-11 09:20:17,34.6667,138.95,59.0,55,20,10.36,few clouds,0.0,0
459,Itapui,BR,2021-04-11 09:20:18,-22.2333,-48.7192,58.86,73,5,2.01,clear sky,0.0,0
460,Malakal,SS,2021-04-11 09:20:18,9.5334,31.6605,101.8,8,97,5.64,overcast clouds,0.0,0
461,Krasnoselkup,RU,2021-04-11 09:20:18,65.7,82.4667,31.8,99,94,10.02,overcast clouds,0.0,0
462,Erzin,TR,2021-04-11 09:20:19,36.9559,36.2,54.0,68,100,2.44,overcast clouds,0.0,0
463,Dawson Creek,CA,2021-04-11 09:20:19,55.7666,-120.2362,24.8,63,1,9.22,clear sky,0.0,0
464,Japura,ID,2021-04-11 09:20:19,-0.3167,102.35,86.13,72,100,1.07,overcast clouds,0.0,0
465,Biak,ID,2021-04-11 09:20:20,-0.9131,122.8766,81.28,77,46,2.26,scattered clouds,0.0,0
466,Orchard Homes,US,2021-04-11 09:20:20,46.8633,-114.0484,28.99,74,40,4.61,scattered clouds,0.0,0
467,Adre,TD,2021-04-11 09:20:20,13.4667,22.2,90.36,9,15,23.49,few clouds,0.0,0
468,Sacramento,US,2021-04-11 09:19:52,38.4666,-121.3177,52.0,66,1,2.91,clear sky,0.0,0
469,Nalut,LY,2021-04-11 09:20:21,30.3333,10.85,76.91,21,2,27.58,clear sky,0.0,0
470,Kamaishi,JP,2021-04-11 09:20:21,39.2667,141.8833,55.4,22,20,3.44,few clouds,0.0,0
471,Cordoba,AR,2021-04-11 09:18:26,-31.4135,-64.1811,52.0,87,0,5.75,clear sky,0.0,0
472,Kuhdasht,IR,2021-04-11 09:20:21,33.535,47.6061,75.2,29,75,13.8,broken clouds,0.0,0
473,Byron Bay,AU,2021-04-11 09:15:52,-28.65,153.6167,71.6,68,0,4.61,clear sky,0.0,0
474,Tiarei,PF,2021-04-11 09:20:22,-17.5333,-149.3333,80.6,69,90,3.44,overcast clouds,0.0,0
475,Excelsior Springs,US,2021-04-11 09:20:22,39.3392,-94.2261,41.0,75,1,3.44,clear sky,0.0,0
476,Vilyuysk,RU,2021-04-11 09:20:23,63.7553,121.6247,17.38,81,93,8.68,overcast clouds,0.0,0
477,Nantucket,US,2021-04-11 09:20:23,41.2835,-70.0995,50.0,100,90,9.22,fog,0.0,0
478,Rengo,CL,2021-04-11 09:20:23,-34.4167,-70.8667,42.8,100,0,2.3,clear sky,0.0,0
479,Paamiut,GL,2021-04-11 09:20:24,61.994,-49.6678,28.22,78,83,7.81,broken clouds,0.0,0
480,Nioro,GM,2021-04-11 09:20:24,13.35,-15.75,82.26,29,1,6.04,clear sky,0.0,0
481,Brigham City,US,2021-04-11 09:19:59,41.5102,-112.0155,44.6,33,1,10.36,clear sky,0.0,0
482,Kota Kinabalu,MY,2021-04-11 09:20:24,5.9749,116.0724,75.2,100,40,3.44,moderate rain,0.0,0
483,Maltahohe,NA,2021-04-11 09:20:25,-24.8333,16.9833,80.78,22,0,16.58,clear sky,0.0,0
484,Balkhash,KZ,2021-04-11 09:20:25,46.844,74.9804,66.2,11,0,29.08,clear sky,0.0,0
485,Olafsvik,IS,2021-04-11 09:20:25,64.8945,-23.7142,37.4,97,100,16.69,overcast clouds,0.0,0
486,Kendari,ID,2021-04-11 09:20:26,-3.945,122.4989,83.91,71,96,4.16,overcast clouds,0.0,0
487,Kaeo,NZ,2021-04-11 09:20:26,-35.1,173.7833,64.0,95,9,3.65,clear sky,0.0,0
488,Seoul,KR,2021-04-11 09:18:49,37.5683,126.9778,69.8,34,0,9.22,clear sky,0.0,0
489,Atbasar,KZ,2021-04-11 09:17:19,51.8,68.3333,34.86,100,47,8.59,scattered clouds,0.0,0
490,Belyy Yar,RU,2021-04-11 09:20:27,53.6039,91.3903,48.2,15,0,4.47,clear sky,0.0,0
491,Innisfail,AU,2021-04-11 09:20:27,-17.5333,146.0333,76.82,85,15,4.23,few clouds,0.0,0
492,Pacific Grove,US,2021-04-11 09:20:27,36.6177,-121.9166,50.0,81,90,4.61,overcast clouds,0.0,0
493,Akkermanovka,RU,2021-04-11 09:20:28,51.2467,58.2391,48.2,71,0,8.95,clear sky,0.0,0
494,Anshun,CN,2021-04-11 09:20:28,26.25,105.9333,54.93,97,100,5.97,overcast clouds,0.0,0
495,Cataguases,BR,2021-04-11 09:20:28,-21.3892,-42.6967,61.16,96,0,2.13,clear sky,0.0,0
496,Wewak,PG,2021-04-11 09:20:29,-3.5534,143.6268,80.6,85,96,14.47,overcast clouds,0.0,0
497,Nanlong,CN,2021-04-11 09:20:29,31.3533,106.0631,58.39,81,100,5.19,overcast clouds,0.0,0
498,Ixtapa,MX,2021-04-11 09:17:55,20.7,-105.2,72.0,85,100,2.59,overcast clouds,0.0,0
499,Marigot,MF,2021-04-11 09:20:30,18.0667,-63.0833,75.99,64,20,10.36,few clouds,0.0,0
500,Sibu,MY,2021-04-11 09:20:30,2.3,111.8167,89.01,66,20,4.61,few clouds,0.0,0
501,Sangar,RU,2021-04-11 09:20:30,63.9242,127.4739,18.59,86,100,6.69,overcast clouds,0.0,0
502,Ouango,CF,2021-04-11 09:20:31,4.3133,22.5552,88.9,47,97,3.29,overcast clouds,0.0,0
503,Chapais,CA,2021-04-11 09:17:45,49.7834,-74.8492,35.6,87,75,8.05,broken clouds,0.0,0
504,Salinas,US,2021-04-11 09:15:40,36.6777,-121.6555,50.0,81,90,6.91,overcast clouds,0.0,0
505,Atakpame,TG,2021-04-11 09:20:31,7.5333,1.1333,84.22,58,92,5.55,overcast clouds,0.0,0
506,Manta,EC,2021-04-11 09:20:32,-0.95,-80.7333,77.0,88,90,5.75,overcast clouds,0.0,0
507,Rupert,US,2021-04-11 09:16:49,42.6191,-113.6772,32.0,43,1,19.57,clear sky,0.0,0
508,Paducah,US,2021-04-11 09:18:19,37.0834,-88.6001,55.4,62,90,19.57,overcast clouds,0.0,0
509,Marsh Harbour,BS,2021-04-11 09:20:32,26.5412,-77.0636,74.37,72,8,19.98,clear sky,0.0,0
510,Umm Lajj,SA,2021-04-11 09:20:33,25.0213,37.2685,76.05,40,0,20.29,clear sky,0.0,0
511,Flinders,AU,2021-04-11 09:20:33,-34.5833,150.8552,59.0,49,70,7.0,broken clouds,0.0,0
512,Sergeyevka,KZ,2021-04-11 09:20:33,53.88,67.4158,36.91,99,83,3.8,broken clouds,0.0,0
513,Karpathos,GR,2021-04-11 09:20:34,35.507,27.2132,59.0,31,0,25.32,clear sky,0.0,0
514,Nouadhibou,MR,2021-04-11 09:20:34,20.931,-17.0347,69.8,56,0,19.57,clear sky,0.0,0
515,Kitimat,CA,2021-04-11 09:20:34,54.0524,-128.6534,36.0,81,97,2.28,light snow,0.0,0
516,Treinta Y Tres,UY,2021-04-11 09:20:35,-33.2333,-54.3833,69.85,92,97,13.06,overcast clouds,0.0,0
517,De Aar,ZA,2021-04-11 09:18:02,-30.6497,24.0123,82.83,23,98,11.99,overcast clouds,0.0,0
518,Ankazobe,MG,2021-04-11 09:20:35,-18.3167,47.1167,75.2,57,75,9.22,broken clouds,0.0,0
519,Paranaiba,BR,2021-04-11 09:20:36,-19.6772,-51.1908,63.64,56,0,4.68,clear sky,0.0,0
520,Tumwater,US,2021-04-11 09:18:19,47.0073,-122.9093,33.01,86,90,1.68,overcast clouds,0.0,0
521,Kurumkan,RU,2021-04-11 09:20:36,54.3,110.3,27.34,30,1,10.18,clear sky,0.0,0
522,Terney,RU,2021-04-11 09:20:37,45.0503,136.6092,44.42,69,100,9.78,overcast clouds,0.0,0
523,Eyl,SO,2021-04-11 09:20:37,7.9803,49.8164,86.77,51,89,13.94,overcast clouds,0.0,0
524,Kodinsk,RU,2021-04-11 09:20:37,58.6881,99.1844,35.89,75,100,8.66,overcast clouds,0.0,0
525,Breves,BR,2021-04-11 09:20:38,-1.6822,-50.4803,72.75,96,99,3.18,overcast clouds,0.0,0
526,Sorong,ID,2021-04-11 09:20:38,-0.8833,131.25,82.26,77,100,6.64,overcast clouds,0.0,0
527,Buin,CL,2021-04-11 09:20:38,-33.7333,-70.75,44.6,81,0,2.3,clear sky,0.0,0
528,Igarka,RU,2021-04-11 09:20:39,67.4667,86.5833,32.31,99,65,7.56,broken clouds,0.0,0
529,Hearst,CA,2021-04-11 09:20:39,49.6835,-83.6665,33.8,93,100,1.14,overcast clouds,0.0,0
530,Talas,TR,2021-04-11 09:20:40,38.6908,35.5538,33.8,86,90,11.5,light snow,0.0,0
531,Port Hardy,CA,2021-04-11 09:20:40,50.6996,-127.4199,41.0,87,40,6.91,scattered clouds,0.0,0
532,Viedma,AR,2021-04-11 09:20:26,-40.8135,-62.9967,54.66,71,3,8.68,clear sky,0.0,0
533,Richards Bay,ZA,2021-04-11 09:20:40,-28.783,32.0377,86.9,45,2,5.37,clear sky,0.0,0
534,Kon Tum,VN,2021-04-11 09:20:41,14.35,108.0,92.68,31,26,10.78,scattered clouds,0.0,0
535,Bayburt,TR,2021-04-11 09:20:41,40.2589,40.2278,55.29,39,22,24.29,light rain,0.0,0
536,Sampit,ID,2021-04-11 09:20:41,-2.5333,112.95,88.16,58,94,5.19,moderate rain,0.0,0
537,Clarence Town,AU,2021-04-11 09:20:42,-32.5833,151.7833,60.01,41,4,9.22,clear sky,0.0,0
538,Ocos,GT,2021-04-11 09:20:42,14.5094,-92.1933,64.99,95,17,5.3,few clouds,0.0,0
539,Korla,CN,2021-04-11 09:20:42,41.7597,86.1469,68.74,21,7,9.95,clear sky,0.0,0
540,Rocha,UY,2021-04-11 09:18:26,-34.4833,-54.3333,69.3,95,100,14.88,overcast clouds,0.0,0
541,Keti Bandar,PK,2021-04-11 09:20:43,24.1447,67.4497,88.84,43,0,13.62,clear sky,0.0,0
542,Ilhabela,BR,2021-04-11 09:20:43,-23.7781,-45.3581,70.57,73,3,4.16,clear sky,0.0,0
543,Tazovskiy,RU,2021-04-11 09:20:43,67.4667,78.7,33.73,92,100,13.65,overcast clouds,0.0,0
544,Mazamari,PE,2021-04-11 09:20:44,-11.3258,-74.5308,68.18,98,100,1.41,overcast clouds,0.0,0
545,Gangapur,IN,2021-04-11 09:20:44,26.4833,76.7167,101.35,5,3,1.68,clear sky,0.0,0
546,Lalmohan,BD,2021-04-11 09:20:44,22.3384,90.7419,87.93,58,1,13.06,clear sky,0.0,0
547,Narsaq,GL,2021-04-11 09:20:45,60.9167,-46.05,32.0,74,5,1.14,clear sky,0.0,0
548,Pozo Colorado,PY,2021-04-11 09:20:45,-23.4923,-58.7972,75.78,66,1,5.17,clear sky,0.0,0
549,Luanda,AO,2021-04-11 09:20:09,-8.8368,13.2343,80.6,78,75,3.44,broken clouds,0.0,0
550,Neiafu,TO,2021-04-11 09:20:46,-18.65,-173.9833,79.09,69,19,9.19,few clouds,0.0,0
551,Aripuana,BR,2021-04-11 09:20:46,-9.1667,-60.6333,70.63,98,100,1.86,overcast clouds,0.0,0
552,Pisco,PE,2021-04-11 09:20:46,-13.7,-76.2167,66.2,77,0,3.44,clear sky,0.0,0
553,Harer,ET,2021-04-11 09:20:47,9.3094,42.1258,74.52,40,95,8.08,overcast clouds,0.0,0
554,Teguise,ES,2021-04-11 09:20:47,29.0605,-13.564,68.0,73,20,11.5,few clouds,0.0,0
555,Listvyanskiy,RU,2021-04-11 09:20:47,54.4399,83.4984,34.03,100,100,6.42,overcast clouds,0.0,0
556,La Romana,DO,2021-04-11 09:20:48,18.4273,-68.9728,73.4,78,75,4.61,broken clouds,0.0,0
557,Tombouctou,ML,2021-04-11 09:20:48,20.0,-3.0,90.82,11,17,13.13,few clouds,0.0,0
558,Luancheng,CN,2021-04-11 09:20:48,37.8792,114.6517,64.4,45,0,8.95,moderate rain,0.0,0
559,Manoharpur,IN,2021-04-11 09:20:15,27.3,75.95,98.6,9,1,2.3,clear sky,0.0,0
560,Manavalakurichi,IN,2021-04-11 09:20:49,8.1333,77.3,89.6,66,75,5.75,broken clouds,0.0,0
561,Guiratinga,BR,2021-04-11 09:20:49,-16.3494,-53.7583,67.48,83,0,2.89,clear sky,0.0,0
562,Mus,TR,2021-04-11 09:20:49,39.0,41.75,60.8,41,20,28.77,few clouds,0.0,0
563,Owatonna,US,2021-04-11 09:16:32,44.0839,-93.226,43.0,81,90,9.22,overcast clouds,0.0,0
564,Pedernales,DO,2021-04-11 09:20:50,18.0384,-71.744,74.98,74,82,3.67,broken clouds,0.0,0
565,Baindur,IN,2021-04-11 09:20:50,13.8667,74.6333,85.69,71,26,9.53,scattered clouds,0.0,0
566,Konstantinovskiy,RU,2021-04-11 09:20:51,57.8301,39.5899,53.6,37,0,6.71,clear sky,0.0,0
567,Awjilah,LY,2021-04-11 09:20:51,29.1081,21.2869,67.95,22,0,14.23,clear sky,0.0,0
568,Wuda,CN,2021-04-11 09:20:51,39.4994,106.7117,65.79,21,100,6.04,overcast clouds,0.0,0
569,Ostrovnoy,RU,2021-04-11 09:20:52,68.0531,39.5131,31.77,83,8,27.25,clear sky,0.0,0
570,Kailua,US,2021-04-11 09:20:52,21.4022,-157.7394,71.6,56,1,6.91,clear sky,0.0,0
